 AS V1.42 Beta [Bld 305] - Source File Sonic.68k - Page 1 - 6/4/2026 21:20:53


       1/       0 :                     ; Naming conventions:
       2/       0 :                     ; variableValue
       3/       0 :                     ; CONSTANT_VALUE
       4/       0 :                     ; MainRoutineAndLables
       5/       0 :                     ; sub_routine
       6/       0 :                     
      13/    1500 :                     	listing purecode ; we sure want the listing file, but only the final code in expanded macros
      14/    1500 :                     
      15/    1500 :                     ; These switches enable the entire purpose of this driver and modifying them likely makes the playback similar to "traditional" DAC drivers
      16/    1500 : =$1                 smoothPlayback:		equ TRUE	; put it to FALSE to prevent 68k output during buffer load
      17/    1500 : =$1                 accurateSpeed:		equ TRUE	; put it to FALSE to ignore 68k sample increment calculation
      18/    1500 :                     ; I often use this switch to test how an ideal and perfect playback would sound, and it's pretty close compared to both 68k and Z80
      19/    1500 : =$0                 pureAudio:			equ FALSE	; put it to TRUE to make only the 68k output DAC samples to defy the whole puropose of this audio driver
      20/    1500 : =$0                 hardwareEarrape:	equ FALSE	; put this to TRUE to test the true power of the YM2612's DAC output (SW: EXTREMELY LOUD AUDIO)
      21/    1500 : =$0                 debugSoundRAM:		equ FALSE
      22/    1500 :                     
      23/    1500 : =$0                 gensFix:	equ FALSE	; use this if you plan to use Gens, since it doesn't emulate the fast Z80 RAM read
      24/    1500 :                     
      25/    1500 : =$0                 bsodCpuLag: equ FALSE
      26/    1500 :                     
      27/    1500 :                     ROM_Start
      28/    1500 :                     
      29/       0 :                     	org 0
      30/       0 :                     
      31/       0 :                     ; ================================================================
      32/       0 :                     ; 68000 vectors (with its error code in square brackets, AAAAAAxx)
      33/       0 :                     ; ================================================================
      34/       0 :                     
      35/       0 : 00FF 0000           		dc.l M68K.STACK			; Initial stack pointer value (SP value)
      36/       4 : 0000 096C           		dc.l EntryPoint			; Start of program (PC value)
      37/       8 : 0000 0200           		dc.l BusError			; Bus error							[1]
      38/       C : 0000 0214           		dc.l AddressError		; Address error						[2]
      39/      10 : 0000 0228           		dc.l IllegalInstruction	; Illegal instruction				[3]
      40/      14 : 0000 023C           		dc.l DivisionByZero		; Division by zero					[4]
      41/      18 : 0000 0250           		dc.l CHKException		; CHK exception						[5]
      42/      1C : 0000 0264           		dc.l TRAPVException		; TRAPV exception					[6]
      43/      20 : 0000 0278           		dc.l PrivilegeViolation	; Privilege violation				[7]
      44/      24 : 0000 028C           		dc.l TRACEException		; TRACE exception					[8]
      45/      28 : 0000 029E           		dc.l LineAEmulator		; Line-A emulator					[9]
      46/      2C : 0000 02B0           		dc.l LineFEmulator		; Line-F emulator					[10]
      47/      30 : 0000 02E6           		dc.l UnknownError		; Unused (reserved)					[14]
      48/      34 : 0000 02E6           		dc.l UnknownError		; Unused (reserved)					[14]
      49/      38 : 0000 02E6           		dc.l UnknownError		; Unused (reserved)					[14]
      50/      3C : 0000 02E6           		dc.l UnknownError		; Unused (reserved)					[14]
      51/      40 : 0000 02E6           		dc.l UnknownError		; Unused (reserved)					[14]
      52/      44 : 0000 02E6           		dc.l UnknownError		; Unused (reserved)					[14]
      53/      48 : 0000 02E6           		dc.l UnknownError		; Unused (reserved)					[14]
      54/      4C : 0000 02E6           		dc.l UnknownError		; Unused (reserved)					[14]
      55/      50 : 0000 02E6           		dc.l UnknownError		; Unused (reserved)					[14]
      56/      54 : 0000 02E6           		dc.l UnknownError		; Unused (reserved)					[14]
      57/      58 : 0000 02E6           		dc.l UnknownError		; Unused (reserved)					[14]
      58/      5C : 0000 02E6           		dc.l UnknownError		; Unused (reserved)					[14]
      59/      60 : 0000 02C2           		dc.l SpuriousException	; Spurious exception				[11]
      60/      64 : 0000 0000           		dc.l $0					; IRQ level 1						[12]
      61/      68 : 0000 0000           		dc.l $0					; IRQ level 2						[12]
      62/      6C : 0000 0000           		dc.l $0					; IRQ level 3 						[12]
      63/      70 : 0000 096A           		dc.l VDP_HBlank			; IRQ level 4 (horizontal retrace)
      64/      74 : 0000 0000           		dc.l $0					; IRQ level 5						[12]
      65/      78 : 0000 04B4           		dc.l VDP_VBlank			; IRQ level 6 (vertical retrace)
      66/      7C : 0000 0000           		dc.l $0					; IRQ level 7						[12]
      67/      80 : 0000 02D4           		dc.l TRAPException		; TRAP #00 exception				[13]
      68/      84 : 0000 02D4           		dc.l TRAPException		; TRAP #01 exception				[13]
      69/      88 : 0000 02D4           		dc.l TRAPException		; TRAP #02 exception				[13]
      70/      8C : 0000 02D4           		dc.l TRAPException		; TRAP #03 exception				[13]
      71/      90 : 0000 02D4           		dc.l TRAPException		; TRAP #04 exception				[13]
      72/      94 : 0000 02D4           		dc.l TRAPException		; TRAP #05 exception				[13]
      73/      98 : 0000 02D4           		dc.l TRAPException		; TRAP #06 exception				[13]
      74/      9C : 0000 02D4           		dc.l TRAPException		; TRAP #07 exception				[13]
      75/      A0 : 0000 02D4           		dc.l TRAPException		; TRAP #08 exception				[13]
      76/      A4 : 0000 02D4           		dc.l TRAPException		; TRAP #09 exception				[13]
      77/      A8 : 0000 02D4           		dc.l TRAPException		; TRAP #10 exception				[13]
      78/      AC : 0000 02D4           		dc.l TRAPException		; TRAP #11 exception				[13]
      79/      B0 : 0000 02D4           		dc.l TRAPException		; TRAP #12 exception				[13]
      80/      B4 : 0000 02D4           		dc.l TRAPException		; TRAP #13 exception				[13]
      81/      B8 : 0000 02D4           		dc.l TRAPException		; TRAP #14 exception				[13]
      82/      BC : 0000 02D4           		dc.l TRAPException		; TRAP #15 exception				[13]
      83/      C0 : 0000 02E6           		dc.l UnknownError		; Unused (reserved)					[14]
      84/      C4 : 0000 02E6           		dc.l UnknownError		; Unused (reserved)					[14]
      85/      C8 : 0000 02E6           		dc.l UnknownError		; Unused (reserved)					[14]
      86/      CC : 0000 02E6           		dc.l UnknownError		; Unused (reserved)					[14]
      87/      D0 : 0000 02E6           		dc.l UnknownError		; Unused (reserved)					[14]
      88/      D4 : 0000 02E6           		dc.l UnknownError		; Unused (reserved)					[14]
      89/      D8 : 0000 02E6           		dc.l UnknownError		; Unused (reserved)					[14]
      90/      DC : 0000 02E6           		dc.l UnknownError		; Unused (reserved)					[14]
      91/      E0 : 0000 02E6           		dc.l UnknownError		; Unused (reserved)					[14]
      92/      E4 : 0000 02E6           		dc.l UnknownError		; Unused (reserved)					[14]
      93/      E8 : 0000 02E6           		dc.l UnknownError		; Unused (reserved)					[14]
      94/      EC : 0000 02E6           		dc.l UnknownError		; Unused (reserved)					[14]
      95/      F0 : 0000 02E6           		dc.l UnknownError		; Unused (reserved)					[14]
      96/      F4 : 0000 02E6           		dc.l UnknownError		; Unused (reserved)					[14]
      97/      F8 : 0000 02E6           		dc.l UnknownError		; Unused (reserved)					[14]
      98/      FC : 0000 02E6           		dc.l UnknownError		; Unused (reserved)					[14]
      99/     100 :                     
     100/     100 :                     ; ===================================================================
     101/     100 :                     ; Mega Drive ROM header (reference: https://plutiedev.com/rom-header)
     102/     100 :                     ; ===================================================================
     103/     100 :                     
     104/     100 : 5345 4741 204D 4547 		dc.b "SEGA MEGA DRIVE "								; system type - 16 bytes
              108 : 4120 4452 4956 4520
     105/     110 : 2843 2942 524F 3020 		dc.b "(C)BRO0 2024.OCT"								; copyright, release year and month (e.g. "(C)SEGA 1991.APR") - 16 bytes
              118 : 3230 3234 2E4F 4354
     106/     120 : 436F 6465 6E61 6D65 		dc.b "Codename FrankPCM: a high-tech audio driver"	; Domestic name - 48 bytes
              128 : 2046 7261 6E6B 5043
              130 : 4D3A 2061 2068 6967
              138 : 682D 7465 6368 2061
              140 : 7564 696F 2064 7269
              148 : 7665 72            
     107/     14B : 2020 2020 20        		dc.b "     "										; padding
     108/     150 : 436F 6465 6E61 6D65 		dc.b "Codename FrankPCM: a high-tech audio driver"	; overseas name - 48 bytes
              158 : 2046 7261 6E6B 5043
              160 : 4D3A 2061 2068 6967
              168 : 682D 7465 6368 2061
              170 : 7564 696F 2064 7269
              178 : 7665 72            
     109/     17B : 2020 2020 20        		dc.b "     "										; padding
     110/     180 : 474D 2D31 3233 3435 		dc.b "GM-12345678-00"								; serial number ("xx-yyyyyyyy-zz") - 14 bytes
              188 : 3637 382D 3030   
     111/     18E : 0000                		dc.w $0000											; where this ROM gets patched with a 16-bit checksum - 2 bytes
     112/     190 : 4A20 2020 2020 2020 		dc.b "J               "								; device support (e.g. "J" for 3-button controller) - 16 bytes
              198 : 2020 2020 2020 2020
     113/     1A0 : 0000 1500           		dc.l ROM_Start										; start address of ROM - 4 bytes
     114/     1A4 : 0040 0000           		dc.l ROM_End										; end address of ROM - 4 bytes
     115/     1A8 : 00FF 0000           		dc.l $FF0000										; start address of WRAM - 4 bytes
     116/     1AC : 00FF FFFF           		dc.l $FFFFFF 										; end address of WRAM - 4 bytes
     117/     1B0 : 2020 2020 2020 2020 		dc.b "                                                                " ; padding for reserved space - 64 bytes
              1B8 : 2020 2020 2020 2020
              1C0 : 2020 2020 2020 2020
              1C8 : 2020 2020 2020 2020
              1D0 : 2020 2020 2020 2020
              1D8 : 2020 2020 2020 2020
              1E0 : 2020 2020 2020 2020
              1E8 : 2020 2020 2020 2020
     118/     1F0 : 4A55 45             		dc.b "JUE"											; region support - 16 bytes
     119/     1F3 : 2020 2020 2020 2020 		dc.b "             "								; padding for reserved space (you can put a comment if you want!) - 13 bytes
              1FB : 2020 2020 20      
     120/     200 :                     
     121/     200 :                     ; ========================
     122/     200 :                     ; Error handler jump table
     123/     200 :                     ; ========================
     124/     200 :                     
     125/     200 :                     BusError:
     126/     200 : 48F9 FFFF 00FF 0000 	movem.l	d0-a7,REG_DUMP	; we need to force the dump address
     127/     208 : 40F9 00FF 0040      	move sr,REG_DUMP+$40	; dump the status register also
     128/     20E : 7E00                	moveq	#$0,d7
     129/     210 : 6000 00FA           	bra.w	VDP_BSOD
     130/     214 :                     
     131/     214 :                     AddressError:
     132/     214 : 48F9 FFFF 00FF 0000 	movem.l	d0-a7,REG_DUMP
     133/     21C : 40F9 00FF 0040      	move sr,REG_DUMP+$40
     134/     222 : 7E01                	moveq	#$1,d7
     135/     224 : 6000 00E6           	bra.w	VDP_BSOD
     136/     228 :                     
     137/     228 :                     IllegalInstruction:
     138/     228 : 48F9 FFFF 00FF 0000 	movem.l	d0-a7,REG_DUMP
     139/     230 : 40F9 00FF 0040      	move sr,REG_DUMP+$40
     140/     236 : 7E02                	moveq	#$2,d7
     141/     238 : 6000 00D2           	bra.w 	VDP_BSOD
     142/     23C :                     
     143/     23C :                     DivisionByZero:
     144/     23C : 48F9 FFFF 00FF 0000 	movem.l	d0-a7,REG_DUMP
     145/     244 : 40F9 00FF 0040      	move sr,REG_DUMP+$40
     146/     24A : 7E03                	moveq	#$3,d7
     147/     24C : 6000 00BE           	bra.w 	VDP_BSOD
     148/     250 :                     	
     149/     250 :                     CHKException:
     150/     250 : 48F9 FFFF 00FF 0000 	movem.l	d0-a7,REG_DUMP
     151/     258 : 40F9 00FF 0040      	move sr,REG_DUMP+$40
     152/     25E : 7E04                	moveq	#$4,d7
     153/     260 : 6000 00AA           	bra.w	VDP_BSOD
     154/     264 :                     	
     155/     264 :                     TRAPVException:
     156/     264 : 48F9 FFFF 00FF 0000 	movem.l	d0-a7,REG_DUMP
     157/     26C : 40F9 00FF 0040      	move sr,REG_DUMP+$40
     158/     272 : 7E05                	moveq	#$5,d7
     159/     274 : 6000 0096           	bra.w	VDP_BSOD
     160/     278 :                     	
     161/     278 :                     PrivilegeViolation:
     162/     278 : 48F9 FFFF 00FF 0000 	movem.l	d0-a7,REG_DUMP
     163/     280 : 40F9 00FF 0040      	move sr,REG_DUMP+$40
     164/     286 : 7E06                	moveq	#$6,d7
     165/     288 : 6000 0082           	bra.w	VDP_BSOD
     166/     28C :                     	
     167/     28C :                     TRACEException:
     168/     28C : 48F9 FFFF 00FF 0000 	movem.l	d0-a7,REG_DUMP
     169/     294 : 40F9 00FF 0040      	move sr,REG_DUMP+$40
     170/     29A : 7E07                	moveq	#$7,d7
     171/     29C : 606E                	bra.s	VDP_BSOD
     172/     29E :                     
     173/     29E :                     LineAEmulator:
     174/     29E : 48F9 FFFF 00FF 0000 	movem.l	d0-a7,REG_DUMP
     175/     2A6 : 40F9 00FF 0040      	move sr,REG_DUMP+$40
     176/     2AC : 7E08                	moveq	#$8,d7
     177/     2AE : 605C                	bra.s	VDP_BSOD
     178/     2B0 :                     	
     179/     2B0 :                     LineFEmulator:
     180/     2B0 : 48F9 FFFF 00FF 0000 	movem.l	d0-a7,REG_DUMP
     181/     2B8 : 40F9 00FF 0040      	move sr,REG_DUMP+$40
     182/     2BE : 7E09                	moveq	#$9,d7
     183/     2C0 : 604A                	bra.s	VDP_BSOD
     184/     2C2 :                     	
     185/     2C2 :                     SpuriousException:
     186/     2C2 : 48F9 FFFF 00FF 0000 	movem.l	d0-a7,REG_DUMP
     187/     2CA : 40F9 00FF 0040      	move sr,REG_DUMP+$40
     188/     2D0 : 7E0A                	moveq	#$A,d7
     189/     2D2 : 6038                	bra.s	VDP_BSOD
     190/     2D4 :                     	
     191/     2D4 :                     TRAPException:
     192/     2D4 : 48F9 FFFF 00FF 0000 	movem.l	d0-a7,REG_DUMP
     193/     2DC : 40F9 00FF 0040      	move sr,REG_DUMP+$40
     194/     2E2 : 7E0B                	moveq	#$B,d7
     195/     2E4 : 6026                	bra.s	VDP_BSOD
     196/     2E6 :                     	
     197/     2E6 :                     UnknownError:
     198/     2E6 : 48F9 FFFF 00FF 0000 	movem.l	d0-a7,REG_DUMP
     199/     2EE : 40F9 00FF 0040      	move sr,REG_DUMP+$40
     200/     2F4 : 7E0C                	moveq	#$C,d7
     201/     2F6 : 6014                	bra.s	VDP_BSOD
     202/     2F8 :                     	
     203/     2F8 :                     ManualCrash:
     204/     2F8 : 48F9 FFFF 00FF 0000 	movem.l	d0-a7,REG_DUMP
     205/     300 : 40F9 00FF 0040      	move sr,REG_DUMP+$40
     206/     306 : 2E3C 0000 000D      	move.l	#$D,d7
     207/     30C :                     
     208/     30C :                     VDP_BSOD:
     209/     30C : 4FF9 00FF 0000      	lea	M68K.STACK,sp	; realign the stack pointer
     210/     312 : 46FC 2700           	move #$2700,sr		; disable interrupts
     211/     316 : 5C39 00FF 008D      	addq.b	#6,REG_PREFIXES+$4B	; add the value back to sp dump value
     212/     31C : 41F9 00C0 0004      	lea VDP.CTRL,a0		; reset a0
     213/     322 : 43F9 00C0 0000      	lea VDP.DATA,a1		; reset a1
     214/     328 : 7400                	moveq	#0,d2		; clear slow down timer for CPU_ClearScreen
     215/     32A : 263C 0000 00FF      	move.l	#$FF,d3		; update the slow down timer for CPU_ClearScreen
     216/     330 :                     
     217/     330 :                     ; ---------------------------------------------------------------------------
     218/     330 :                     ; Subroutine to	clear the screen using CPU and load the font
     219/     330 :                     ; ---------------------------------------------------------------------------
     220/     330 :                     	
     221/     330 : (MACRO)[2]          	vdpSetVideoAddress VDP_VRAM.PLANEA,(a0)
     221/     330 :  (MACRO-2)[3]           setRAMAddress       VDP_VRAM.PLANEA, VDP_CMD.VRAM, (a0)
     221/     330 : 20BC 6000 0003              move.l  #vdpCommand(VDP_VRAM.PLANEA,VDP_CMD.VRAM),(a0)
     222/     336 : 303C 03FF           	move.w	#($1000/4)-1,d0	; clear the entire plane A ($1000 bytes)
     223/     33A : 7200                	moveq	#0,d1			; clear d1
     224/     33C :                     $$clear_screen:
     225/     33C : 2281                	move.l	d1,(a1)			; clear portion of screen by setting the background tiles
     230/     33E : 51C8 FFFC           	dbf d0,$$clear_screen	; keep clearing until done
     231/     342 :                     	
     236/     342 :                     
     237/     342 : (MACRO)[4]          	vdpSetColorSpace 0,(a0)
     237/     342 : 20BC C000 0000              move.l  #(((0*2)&$3FFF)<<16)|(((0*2)&$C000)>>14)|(VDP_CMD.CRAM),(a0)
     238/     348 : 22BC 0E00 0EEE      	move.l	#$0E000EEE,(a1)	; makes the background blue and the font white
     239/     34E :                     	
     244/     34E :                     	
     245/     34E :                     ; Load BSOD font
     246/     34E : (MACRO)[5]          	vdpSetVideoAddress $0000,(a0)
     246/     34E :  (MACRO-2)[6]           setRAMAddress       $0000, VDP_CMD.VRAM, (a0)
     246/     34E : 20BC 4000 0000              move.l  #vdpCommand($0000,VDP_CMD.VRAM),(a0)
     247/     354 : 303C 02FF           	move.w	#(PAT_BodyFont.SIZE/4)-1,d0
     248/     358 : 45F8 10DE           	lea	PAT_BodyFont,a2
     249/     35C :                     	
     250/     35C :                     $$load_font:
     251/     35C : 229A                	move.l	(a2)+,(a1)
     252/     35E : 51C8 FFFC           	dbf d0,$$load_font
     253/     362 :                     
     254/     362 : (MACRO)[7]          	vdpSetVideoAddress $0C00,(a0)
     254/     362 :  (MACRO-2)[8]           setRAMAddress       $0C00, VDP_CMD.VRAM, (a0)
     254/     362 : 20BC 4C00 0000              move.l  #vdpCommand($0C00,VDP_CMD.VRAM),(a0)
     255/     368 : 45F8 12DE           	lea PAT_BodyFont+$200,a2
     256/     36C : 303C 004F           	move.w	#($140/4)-1,d0
     257/     370 :                     
     258/     370 :                     $$load_numbers:
     259/     370 : 229A                	move.l	(a2)+,(a1)
     260/     372 : 51C8 FFFC           	dbf d0,$$load_numbers
     261/     376 :                     
     262/     376 : 45F8 14FE           	lea PAT_BodyFont+$420,a2
     263/     37A : 303C 002F           	move.w	#($C0/4)-1,d0
     264/     37E :                     
     265/     37E :                     $$load_letters:
     266/     37E : 229A                	move.l	(a2)+,(a1)
     267/     380 : 51C8 FFFC           	dbf d0,$$load_letters
     268/     384 :                     
     269/     384 :                     ; ---------------------------------------------------------------------------
     270/     384 :                     ; Subroutine to	print on screen the first five strings (messages)
     271/     384 :                     ; ---------------------------------------------------------------------------
     272/     384 :                     
     273/     384 : 45F8 0EE4           	lea Messages,a2
     274/     388 : 7804                	moveq	#5-1,d4		; 5 strings to print (Message0 ~ Code)
     275/     38A :                     $$setup_message:
     276/     38A : 209A                	move.l	(a2)+,(a0)	; set coordinates
     277/     38C : 301A                	move.w	(a2)+,d0	; get string length
     281/     38E :                     
     282/     38E : 6100 010A           	bsr.w	VDP_PrintText
     283/     392 :                     	
     288/     392 : 51CC FFF6           	dbf d4,$$setup_message
     289/     396 :                     	
     294/     396 :                     
     295/     396 :                     ; ---------------------------------------------------------------------------
     296/     396 :                     ; Subroutine to	print on screen the error code in hexadecimal
     297/     396 :                     ; ---------------------------------------------------------------------------
     298/     396 :                     
     299/     396 : 20BC 629A 0003      	move.l	#vdpCoordinates(13,5),(a0)
     300/     39C : 203C 0021 0021      	move.l	#chars('A','A'),d0
     301/     3A2 : 2280                	move.l	d0,(a1)		; print "AA"
     302/     3A4 :                     	
     303/     3A4 : 7000                	moveq	#0,d0
     304/     3A6 : 1007                	move.b	d7,d0		; move error code to be "Ax"
     305/     3A8 : 0200 00F0           	andi.b	#$F0,d0
     306/     3AC : E808                	lsr.b	#4,d0
     307/     3AE : 4840                	swap	d0
     308/     3B0 : 1007                	move.b	d7,d0
     309/     3B2 : 0200 000F           	andi.b	#$F,d0
     310/     3B6 :                     
     311/     3B6 : 0680 0060 0060      	addi.l	#$00600060,d0
     312/     3BC : 2280                	move.l	d0,(a1)		; print the rest of the error code
     313/     3BE :                     	
     318/     3BE :                     
     319/     3BE :                     ; ---------------------------------------------------------------------------
     320/     3BE :                     ; Subroutine to	print on screen the error code in text
     321/     3BE :                     ; ---------------------------------------------------------------------------
     322/     3BE :                     
     323/     3BE : 47F8 1092           	lea TextCodes,a3	; load text codes array
     324/     3C2 : E54F                	lsl.w	#2,d7
     325/     3C4 : D7C7                	adda.l	d7,a3
     326/     3C6 : 241B                	move.l	(a3)+,d2
     327/     3C8 : 2442                	movea.l	d2,a2
     328/     3CA : 2013                	move.l	(a3),d0
     329/     3CC : 9082                	sub.l	d2,d0		; get length
     330/     3CE : 5340                	subq.w	#1,d0
     331/     3D0 : 20BC 6300 0003      	move.l	#vdpCoordinates(0,6),(a0)
     332/     3D6 :                     	
     336/     3D6 :                     
     337/     3D6 : 6100 00C2           	bsr.w	VDP_PrintText
     338/     3DA :                     	
     343/     3DA :                     	
     344/     3DA :                     ; ---------------------------------------------------------------------------
     345/     3DA :                     ; Subroutine to	print on screen the register names (or prefixes)
     346/     3DA :                     ; ---------------------------------------------------------------------------
     347/     3DA :                     	
     348/     3DA : 45F8 10CE           	lea	Message5,a2		; points to the string address directly
     349/     3DE : 700E                	moveq	#15-1,d0	; this string is 15 characters long
     350/     3E0 : 20BC 6480 0003      	move.l	#vdpCoordinates(0,9),(a0)
     354/     3E6 :                     	
     355/     3E6 : 6100 00B2           	bsr.w	VDP_PrintText
     356/     3EA :                     
     361/     3EA :                     
     362/     3EA : 7007                	moveq	#8-1,d0		; 8 registers to write
     363/     3EC : 7C07                	moveq	#8-1,d6		; 8 digits to print
     364/     3EE : 7A00                	moveq	#0,d5
     365/     3F0 : 45F9 00FF 004C      	lea	REG_PREFIXES+10,a2; start from this point to write down the prefixes
     366/     3F6 : 47F9 00FF 0000      	lea REG_DUMP,a3			; load register dump pointer
     367/     3FC :                     	; write the prefixes in RAM in opposite order
     368/     3FC : 253C 0010 0058      	move.l	#chars('0','x'),-(a2)
     369/     402 : 353C 001A           	move.w	#':'-$20,-(a2)
     370/     406 : 253C 0044 0010      	move.l	#chars('d','0'),-(a2)
     371/     40C : 223C 6604 0003      	move.l	#vdpCoordinates(2,12),d1	; set on-screen register dump coordinates
     372/     412 :                     
     373/     412 :                     ;============================================================================
     374/     412 :                     
     375/     412 :                     $$print_registers:
     376/     412 : 2081                	move.l	d1,(a0)		; update the plane coordinates
     377/     414 :                     
     378/     414 : 7604                	moveq	#5-1,d3		; 5 prefixes to print
     379/     416 :                     $$print_prefix:
     380/     416 : 329A                	move.w	(a2)+,(a1)	; print register number
     385/     418 : 51CB FFFC           	dbf d3,$$print_prefix
     386/     41C :                     	
     387/     41C : (MACRO)[9]          	subaq	10,a2		; reposition a2 to the prefixes' start
     387/     41C :                     
     387/     41C :                     
     387/     41C :                     
     387/     41C : 45EA FFF6                   lea (-10,a2),a2
     388/     420 :                     	
     389/     420 :                     ; ---------------------------------------------------------------------------
     390/     420 :                     ; Subroutine to	print on screen the register values from dump
     391/     420 :                     ; ---------------------------------------------------------------------------
     392/     420 :                     
     393/     420 : 2606                    move.l	d6,d3		; update the digit counter
     394/     422 : 281B                	move.l	(a3)+,d4	; get the register dumped value
     395/     424 :                     $$print_value:
     396/     424 : E99C                	rol.l	#4,d4		; rotate the digits on the left
     397/     426 : 1A04                	move.b	d4,d5		; move the digits in ascending order to d5
     398/     428 : 0205 000F           	andi.b	#$F,d5		; remove the other digit
     399/     42C : 0645 0060           	addi.w	#$60,d5
     400/     430 :                     	
     401/     430 : 3285                	move.w	d5,(a1)		; update the plane A
     402/     432 :                     	
     403/     432 : 51CB FFF0           	dbf d3,$$print_value	; loop until printed all digits
     404/     436 :                     	
     405/     436 : 5239 00FF 0045      	addq.b	#1,REG_PREFIXES+3	; increment register number character
     406/     43C : 0681 0080 0000      	addi.l	#$800000,d1			; new line by adding coordinates
     407/     442 :                     	
     412/     442 : 51C8 FFCE           	dbf d0,$$print_registers
     413/     446 :                     
     414/     446 :                     ; Print address registers
     415/     446 : B7FC 00FF 0020      	cmpa.l	#REG_DUMP+$20,a3	; has the VDP already printed the address registers?
     416/     44C : 621A                	bhi.s	$$print_sp			; if yes, print stack pointer
     417/     44E : 7006                	moveq	#7-1,d0				; 7 registers to print
     418/     450 : 7C07                	moveq	#8-1,d6				; 8 digits to print
     419/     452 : 5739 00FF 0043      	subq.b	#3,REG_PREFIXES+1	; change prefix from 'd' to 'a'
     420/     458 : 5139 00FF 0045      	subq.b	#8,REG_PREFIXES+3	; restart the count from 0
     421/     45E : 223C 6626 0003      	move.l	#vdpCoordinates(19,12),d1	; update coordinates
     422/     464 : 6000 FFAC           	bra.w	$$print_registers	; print address register dump
     423/     468 :                     	
     424/     468 :                     $$print_sp:
     425/     468 : B7FC 00FF 003C      	cmpa.l	#REG_DUMP+$3C,a3	; has the VDP already printed the stack pointer?
     426/     46E : 620E                	bhi.s	$$print_sr			; if yes, print the status register
     427/     470 : 7000                	moveq	#1-1,d0				; 1 register to write
     428/     472 : 7C07                	moveq	#8-1,d6				; 8 digits to print
     429/     474 : 24BC 0053 0050      	move.l	#chars('s','p'),(a2); use "sp" prefix
     430/     47A : 6000 FF96           	bra.w	$$print_registers	; print sp
     431/     47E :                     	
     432/     47E :                     $$print_sr:
     433/     47E : B7FC 00FF 0040      	cmpa.l	#REG_DUMP+$40,a3	; has the VDP already printed the stack pointer?
     434/     484 : 622A                	bhi.s 	Halt_CPU			; if yes, stop the execution
     435/     486 : 7000                	moveq	#1-1,d0				; 1 register to write
     436/     488 : 7C03                	moveq	#4-1,d6				; 4 digits to print
     437/     48A : 24BC 0053 0052      	move.l	#chars('s','r'),(a2)		; use "sr" prefix
     438/     490 : 223C 6B04 0003      	move.l	#vdpCoordinates(2,22),d1	; set fixed coordinates
     439/     496 : 6000 FF7A           	bra.w	$$print_registers
     440/     49A :                     	
     441/     49A :                     ; ---------------------------------------------------------------------------
     442/     49A :                     ; Subroutine to	draw text on screen (a3: string pointer, d0: length)
     443/     49A :                     ; ---------------------------------------------------------------------------
     444/     49A :                     
     445/     49A :                     VDP_PrintText:
     446/     49A : 7200                	moveq	#0,d1		; clear d1
     447/     49C :                     $$update_display:
     448/     49C : 121A                	move.b 	(a2)+,d1	; move character to d1
     449/     49E : 3281                	move.w 	d1,(a1)		; no flip, palette 0, no priority
     454/     4A0 : 51C8 FFFA           	dbf	d0,$$update_display
     455/     4A4 : 4E75                	rts
     456/     4A6 :                     
     457/     4A6 :                     ; ---------------------------------------------------------------------------
     458/     4A6 :                     ; Subroutine to	hang the CPU for a given time (d2: timer)
     459/     4A6 :                     ; ---------------------------------------------------------------------------
     460/     4A6 :                     
     461/     4A6 :                     CPU_Wait:
     462/     4A6 : 0482 0000 0001      	subi.l	#1,d2		; purposefully using a slower instruction
     463/     4AC : 66F8                	bne.s	CPU_Wait	; wait until done (dbf subs only word-wise, which is not suitable)
     464/     4AE : 4E75                	rts
     465/     4B0 :                     	
     466/     4B0 :                     Halt_CPU:
     467/     4B0 : 4E72 2700           	stop #$2700		; halt the CPU indefinitely
     468/     4B4 :                     
     469/     4B4 :                     ; ==========================
     470/     4B4 :                     
     471/     4B4 :                     ; 240 68k cycles for every ~32 kHz sample
     472/     4B4 :                     
     473/     4B4 :                     VDP_VBlank:
     474/     4B4 :                     	; DPLC loading queues
     475/     4B4 :                     ; --- Variable cycles ---
     476/     4B4 : (MACRO)[10]         	stopZ80									; initiate Z80 stop. 20
     476/     4B4 :                     
     476/     4B4 : 33FC 0100 00A1 1100                 move.w  #$100,(Z80_CTRL.BUSREQ).l
     477/     4BC : 4A39 00FF 000D      	tst.b	(shouldPause)
     478/     4C2 : 6708                	beq.s	$$skip_pause
     479/     4C4 : 4279 00FF 0004      	clr.w	(z80Samples)
     480/     4CA : 4E73                	rte
     481/     4CC :                     $$skip_pause:
     482/     4CC : 41F9 00A1 1100      	lea Z80_CTRL.BUSREQ,a0					; 8
     483/     4D2 : 43F9 00A0 0502      	lea	playedSamples+1|Z80_CTRL.WRAM,a1	; 8
     484/     4D8 : 2A79 00FF 0000      	movea.l	(sampleIndex),a5				; 16
     485/     4DE : 4DF9 00A0 4001      	lea	YM2612_68K.DATA0,a6					; 8
     486/     4E4 : 7000                	moveq	#0,d0							; 4
     487/     4E6 : (MACRO)[11]         	waitZ80	d0,a0							; 12 (at best)
     487/     4E6 :                     
     487/     4E6 :                     
     487/     4E6 :                     
     487/     4E6 :                     $$wait: 
     487/     4E6 : 0110                        btst    d0,(a0)
     487/     4E8 : 66FC                        bne.s   $$wait
     488/     4EA :                     	
     490/     4EA : 3011                		move.w	(a1),d0		; get high byte of playedSamples. 8
     495/     4EC :                     
     496/     4EC : 1021                	move.b	-(a1),d0		; get lower byte of playedSamples. 8
     497/     4EE : DBC0                	adda.l	d0,a5			; 8
     498/     4F0 :                     
     500/     4F0 : 1C9D                		move.b	(a5)+,(a6)	; output sample. 12
     505/     4F2 :                     
     506/     4F2 :                     ; --- Cycle count restarts ---
     507/     4F2 :                     
     508/     4F2 : 33C0 00FF 0004      	move.w	d0,(z80Samples)	; 12
     509/     4F8 : 204D                	movea.l	a5,a0	; 4
     510/     4FA :                     
     512/     4FA : (MACRO)[12]         		addaq	(BUFFER_ITERATIONS*3)+3,a0	; sample index after 68k routine execution (A2 at the end, basically). 8
     512/     4FA :                     
     512/     4FA :                     
     512/     4FA :                     
     512/     4FA : 41E8 0018                   lea ((BUFFER_ITERATIONS*3)+3,a0),a0
     514/     4FE :                     
     515/     4FE : 2808                	move.l	a0,d4	; D4 is now the updated sample index. 4
     516/     500 :                     
     517/     500 : 43F9 00A0 1000      	lea	SampleBuffer|Z80_CTRL.WRAM,a1	; 8
     518/     506 :                     ; --- 24 cycles in total ---
     519/     506 :                     
     520/     506 : 0804 0000           	btst	#0,d4				; is the sample index even? 6
     521/     50A : 6706                	beq.s	$$skip_alignment	; if yes, skip the alignment. 10
     522/     50C : 1298                	move.b	(a0)+,(a1)			; if not, the 68k will crash, so we avoid it. 12
     523/     50E : 5489                	addq.l	#2,a1				; 8
     524/     510 : 2808                	move.l	a0,d4	; D4 is now the updated sample index. 4
     525/     512 :                     $$skip_alignment:
     526/     512 : 4E71                	nop				; 4
     527/     514 : 4E71                	nop				; 4
     528/     516 : 4E71                	nop				; 4
     529/     518 :                     
     530/     518 : (MACRO)[13]         	loadSamples	; D0 and D1 break here
     530/     518 :                             ; --- 118 cycles in total ---
     530/     518 : =$0                 i set 0
     530/     518 :                     
     530/     518 : 2018                        move.l  (a0)+,d0                ; 12 cycles
     530/     51A : 01C9 0000                   movep.l d0,(i+(8*0),a1) ; 24 cycles
     530/     51E :                     
     530/     51E : 2018                        move.l  (a0)+,d0
     530/     520 : 01C9 0008                   movep.l d0,(i+(8*1),a1)
     530/     524 :                     
     530/     524 : =$10                i set 16
     530/     524 :                     
     530/     524 :                             while i < 152 * BUFFER_ITERATIONS
     530/     524 :                     
     530/     524 :                             if smoothPlayback
     530/     524 :                                     move.b  (a5)+,(a6)      ; output sample. 12
     530/     524 :                             elseif accurateSpeed
     530/     524 :                                     addq.l  #1,a5
     530/     524 :                                     nop
     530/     524 :                             endif
     530/     524 :                     
     530/     524 :                             move.l  (a0)+,d0
     530/     524 :                             movep.l d0,(i+(8*0),a1)
     530/     524 :                     
     530/     524 :                             move.l  (a0)+,d0
     530/     524 :                             movep.l d0,(i+(8*1),a1)
     530/     524 :                     
     530/     524 :                             move.l  (a0)+,d0
     530/     524 :                             movep.l d0,(i+(8*2),a1)
     530/     524 :                     
     530/     524 :                             move.l  (a0)+,d0
     530/     524 :                             movep.l d0,(i+(8*3),a1)
     530/     524 :                     
     530/     524 :                             move.l  (a0)+,d0
     530/     524 :                             movep.l d0,(i+(8*4),a1)
     530/     524 :                     
     530/     524 :                             move.l  (a0)+,d0
     530/     524 :                             movep.l d0,(i+(8*5),a1)
     530/     524 :                     
     530/     524 :                             move.l  (a0)+,d0
     530/     524 :                     
     530/     524 :                             if smoothPlayback
     530/     524 :                                     move.b  (a5)+,(a6)      ; output sample. 12
     530/     524 :                             elseif accurateSpeed
     530/     524 :                                     addq.l  #1,a5
     530/     524 :                                     nop
     530/     524 :                             endif
     530/     524 :                     
     530/     524 :                             movep.l d0,(i+(8*6),a1)
     530/     524 :                     
     530/     524 :                             move.l  (a0)+,d0
     530/     524 :                             movep.l d0,(i+(8*7),a1)
     530/     524 :                     
     530/     524 :                             move.l  (a0)+,d0
     530/     524 :                             movep.l d0,(i+(8*8),a1)
     530/     524 :                     
     530/     524 :                             move.l  (a0)+,d0
     530/     524 :                             movep.l d0,(i+(8*9),a1)
     530/     524 :                     
     530/     524 :                             move.l  (a0)+,d0
     530/     524 :                             movep.l d0,(i+(8*10),a1)
     530/     524 :                     
     530/     524 :                             move.l  (a0)+,d0
     530/     524 :                             movep.l d0,(i+(8*11),a1)
     530/     524 :                     
     530/     524 :                             move.l  (a0)+,d0
     530/     524 :                             move.l  (a0)+,d1
     530/     524 :                     
     530/     524 :                             if smoothPlayback
     530/     524 :                                     move.b  (a5)+,(a6)      ; output sample. 12
     530/     524 :                             elseif accurateSpeed
     530/     524 :                                     addq.l  #1,a5
     530/     524 :                                     nop
     530/     524 :                             endif
     530/     524 :                     
     530/     524 :                             movep.l d0,(i+(8*12),a1)
     530/     524 :                             movep.l d1,(i+(8*13),a1)
     530/     524 :                     
     530/     524 :                             move.l  (a0)+,d0
     530/     524 :                             movep.l d0,(i+(8*14),a1)
     530/     524 :                     
     530/     524 :                             move.l  (a0)+,d0
     530/     524 :                             movep.l d0,(i+(8*15),a1)
     530/     524 :                     
     530/     524 :                             move.l  (a0)+,d0
     530/     524 :                             movep.l d0,(i+(8*16),a1)
     530/     524 :                     
     530/     524 :                             move.l  (a0)+,d0
     530/     524 :                             movep.l d0,(i+(8*17),a1)
     530/     524 :                     
     530/     524 :                             move.l  (a0)+,d0
     530/     524 :                             movep.l d0,(i+(8*18),a1)
     530/     524 :                     
     530/     524 :                     i set i + 152
     530/     524 :                             endm
     530/     524 :                     
     530/     524 : 1C9D                                move.b  (a5)+,(a6)      ; output sample. 12
     530/     526 :                     
     530/     526 : 2018                        move.l  (a0)+,d0
     530/     528 : 01C9 0010                   movep.l d0,(i+(8*0),a1)
     530/     52C :                     
     530/     52C : 2018                        move.l  (a0)+,d0
     530/     52E : 01C9 0018                   movep.l d0,(i+(8*1),a1)
     530/     532 :                     
     530/     532 : 2018                        move.l  (a0)+,d0
     530/     534 : 01C9 0020                   movep.l d0,(i+(8*2),a1)
     530/     538 :                     
     530/     538 : 2018                        move.l  (a0)+,d0
     530/     53A : 01C9 0028                   movep.l d0,(i+(8*3),a1)
     530/     53E :                     
     530/     53E : 2018                        move.l  (a0)+,d0
     530/     540 : 01C9 0030                   movep.l d0,(i+(8*4),a1)
     530/     544 :                     
     530/     544 : 2018                        move.l  (a0)+,d0
     530/     546 : 01C9 0038                   movep.l d0,(i+(8*5),a1)
     530/     54A :                     
     530/     54A : 2018                        move.l  (a0)+,d0
     530/     54C :                     
     530/     54C : 1C9D                                move.b  (a5)+,(a6)      ; output sample. 12
     530/     54E :                     
     530/     54E : 01C9 0040                   movep.l d0,(i+(8*6),a1)
     530/     552 :                     
     530/     552 : 2018                        move.l  (a0)+,d0
     530/     554 : 01C9 0048                   movep.l d0,(i+(8*7),a1)
     530/     558 :                     
     530/     558 : 2018                        move.l  (a0)+,d0
     530/     55A : 01C9 0050                   movep.l d0,(i+(8*8),a1)
     530/     55E :                     
     530/     55E : 2018                        move.l  (a0)+,d0
     530/     560 : 01C9 0058                   movep.l d0,(i+(8*9),a1)
     530/     564 :                     
     530/     564 : 2018                        move.l  (a0)+,d0
     530/     566 : 01C9 0060                   movep.l d0,(i+(8*10),a1)
     530/     56A :                     
     530/     56A : 2018                        move.l  (a0)+,d0
     530/     56C : 01C9 0068                   movep.l d0,(i+(8*11),a1)
     530/     570 :                     
     530/     570 : 2018                        move.l  (a0)+,d0
     530/     572 : 2218                        move.l  (a0)+,d1
     530/     574 :                     
     530/     574 : 1C9D                                move.b  (a5)+,(a6)      ; output sample. 12
     530/     576 :                     
     530/     576 : 01C9 0070                   movep.l d0,(i+(8*12),a1)
     530/     57A : 03C9 0078                   movep.l d1,(i+(8*13),a1)
     530/     57E :                     
     530/     57E : 2018                        move.l  (a0)+,d0
     530/     580 : 01C9 0080                   movep.l d0,(i+(8*14),a1)
     530/     584 :                     
     530/     584 : 2018                        move.l  (a0)+,d0
     530/     586 : 01C9 0088                   movep.l d0,(i+(8*15),a1)
     530/     58A :                     
     530/     58A : 2018                        move.l  (a0)+,d0
     530/     58C : 01C9 0090                   movep.l d0,(i+(8*16),a1)
     530/     590 :                     
     530/     590 : 2018                        move.l  (a0)+,d0
     530/     592 : 01C9 0098                   movep.l d0,(i+(8*17),a1)
     530/     596 :                     
     530/     596 : 2018                        move.l  (a0)+,d0
     530/     598 : 01C9 00A0                   movep.l d0,(i+(8*18),a1)
     530/     59C :                     
     530/     59C : =$A8                i set i + 152
     530/     59C :                     
     530/     59C : 1C9D                                move.b  (a5)+,(a6)      ; output sample. 12
     530/     59E :                     
     530/     59E : 2018                        move.l  (a0)+,d0
     530/     5A0 : 01C9 00A8                   movep.l d0,(i+(8*0),a1)
     530/     5A4 :                     
     530/     5A4 : 2018                        move.l  (a0)+,d0
     530/     5A6 : 01C9 00B0                   movep.l d0,(i+(8*1),a1)
     530/     5AA :                     
     530/     5AA : 2018                        move.l  (a0)+,d0
     530/     5AC : 01C9 00B8                   movep.l d0,(i+(8*2),a1)
     530/     5B0 :                     
     530/     5B0 : 2018                        move.l  (a0)+,d0
     530/     5B2 : 01C9 00C0                   movep.l d0,(i+(8*3),a1)
     530/     5B6 :                     
     530/     5B6 : 2018                        move.l  (a0)+,d0
     530/     5B8 : 01C9 00C8                   movep.l d0,(i+(8*4),a1)
     530/     5BC :                     
     530/     5BC : 2018                        move.l  (a0)+,d0
     530/     5BE : 01C9 00D0                   movep.l d0,(i+(8*5),a1)
     530/     5C2 :                     
     530/     5C2 : 2018                        move.l  (a0)+,d0
     530/     5C4 :                     
     530/     5C4 : 1C9D                                move.b  (a5)+,(a6)      ; output sample. 12
     530/     5C6 :                     
     530/     5C6 : 01C9 00D8                   movep.l d0,(i+(8*6),a1)
     530/     5CA :                     
     530/     5CA : 2018                        move.l  (a0)+,d0
     530/     5CC : 01C9 00E0                   movep.l d0,(i+(8*7),a1)
     530/     5D0 :                     
     530/     5D0 : 2018                        move.l  (a0)+,d0
     530/     5D2 : 01C9 00E8                   movep.l d0,(i+(8*8),a1)
     530/     5D6 :                     
     530/     5D6 : 2018                        move.l  (a0)+,d0
     530/     5D8 : 01C9 00F0                   movep.l d0,(i+(8*9),a1)
     530/     5DC :                     
     530/     5DC : 2018                        move.l  (a0)+,d0
     530/     5DE : 01C9 00F8                   movep.l d0,(i+(8*10),a1)
     530/     5E2 :                     
     530/     5E2 : 2018                        move.l  (a0)+,d0
     530/     5E4 : 01C9 0100                   movep.l d0,(i+(8*11),a1)
     530/     5E8 :                     
     530/     5E8 : 2018                        move.l  (a0)+,d0
     530/     5EA : 2218                        move.l  (a0)+,d1
     530/     5EC :                     
     530/     5EC : 1C9D                                move.b  (a5)+,(a6)      ; output sample. 12
     530/     5EE :                     
     530/     5EE : 01C9 0108                   movep.l d0,(i+(8*12),a1)
     530/     5F2 : 03C9 0110                   movep.l d1,(i+(8*13),a1)
     530/     5F6 :                     
     530/     5F6 : 2018                        move.l  (a0)+,d0
     530/     5F8 : 01C9 0118                   movep.l d0,(i+(8*14),a1)
     530/     5FC :                     
     530/     5FC : 2018                        move.l  (a0)+,d0
     530/     5FE : 01C9 0120                   movep.l d0,(i+(8*15),a1)
     530/     602 :                     
     530/     602 : 2018                        move.l  (a0)+,d0
     530/     604 : 01C9 0128                   movep.l d0,(i+(8*16),a1)
     530/     608 :                     
     530/     608 : 2018                        move.l  (a0)+,d0
     530/     60A : 01C9 0130                   movep.l d0,(i+(8*17),a1)
     530/     60E :                     
     530/     60E : 2018                        move.l  (a0)+,d0
     530/     610 : 01C9 0138                   movep.l d0,(i+(8*18),a1)
     530/     614 :                     
     530/     614 : =$140               i set i + 152
     530/     614 :                     
     530/     614 : 1C9D                                move.b  (a5)+,(a6)      ; output sample. 12
     530/     616 :                     
     530/     616 : 2018                        move.l  (a0)+,d0
     530/     618 : 01C9 0140                   movep.l d0,(i+(8*0),a1)
     530/     61C :                     
     530/     61C : 2018                        move.l  (a0)+,d0
     530/     61E : 01C9 0148                   movep.l d0,(i+(8*1),a1)
     530/     622 :                     
     530/     622 : 2018                        move.l  (a0)+,d0
     530/     624 : 01C9 0150                   movep.l d0,(i+(8*2),a1)
     530/     628 :                     
     530/     628 : 2018                        move.l  (a0)+,d0
     530/     62A : 01C9 0158                   movep.l d0,(i+(8*3),a1)
     530/     62E :                     
     530/     62E : 2018                        move.l  (a0)+,d0
     530/     630 : 01C9 0160                   movep.l d0,(i+(8*4),a1)
     530/     634 :                     
     530/     634 : 2018                        move.l  (a0)+,d0
     530/     636 : 01C9 0168                   movep.l d0,(i+(8*5),a1)
     530/     63A :                     
     530/     63A : 2018                        move.l  (a0)+,d0
     530/     63C :                     
     530/     63C : 1C9D                                move.b  (a5)+,(a6)      ; output sample. 12
     530/     63E :                     
     530/     63E : 01C9 0170                   movep.l d0,(i+(8*6),a1)
     530/     642 :                     
     530/     642 : 2018                        move.l  (a0)+,d0
     530/     644 : 01C9 0178                   movep.l d0,(i+(8*7),a1)
     530/     648 :                     
     530/     648 : 2018                        move.l  (a0)+,d0
     530/     64A : 01C9 0180                   movep.l d0,(i+(8*8),a1)
     530/     64E :                     
     530/     64E : 2018                        move.l  (a0)+,d0
     530/     650 : 01C9 0188                   movep.l d0,(i+(8*9),a1)
     530/     654 :                     
     530/     654 : 2018                        move.l  (a0)+,d0
     530/     656 : 01C9 0190                   movep.l d0,(i+(8*10),a1)
     530/     65A :                     
     530/     65A : 2018                        move.l  (a0)+,d0
     530/     65C : 01C9 0198                   movep.l d0,(i+(8*11),a1)
     530/     660 :                     
     530/     660 : 2018                        move.l  (a0)+,d0
     530/     662 : 2218                        move.l  (a0)+,d1
     530/     664 :                     
     530/     664 : 1C9D                                move.b  (a5)+,(a6)      ; output sample. 12
     530/     666 :                     
     530/     666 : 01C9 01A0                   movep.l d0,(i+(8*12),a1)
     530/     66A : 03C9 01A8                   movep.l d1,(i+(8*13),a1)
     530/     66E :                     
     530/     66E : 2018                        move.l  (a0)+,d0
     530/     670 : 01C9 01B0                   movep.l d0,(i+(8*14),a1)
     530/     674 :                     
     530/     674 : 2018                        move.l  (a0)+,d0
     530/     676 : 01C9 01B8                   movep.l d0,(i+(8*15),a1)
     530/     67A :                     
     530/     67A : 2018                        move.l  (a0)+,d0
     530/     67C : 01C9 01C0                   movep.l d0,(i+(8*16),a1)
     530/     680 :                     
     530/     680 : 2018                        move.l  (a0)+,d0
     530/     682 : 01C9 01C8                   movep.l d0,(i+(8*17),a1)
     530/     686 :                     
     530/     686 : 2018                        move.l  (a0)+,d0
     530/     688 : 01C9 01D0                   movep.l d0,(i+(8*18),a1)
     530/     68C :                     
     530/     68C : =$1D8               i set i + 152
     530/     68C :                     
     530/     68C : 1C9D                                move.b  (a5)+,(a6)      ; output sample. 12
     530/     68E :                     
     530/     68E : 2018                        move.l  (a0)+,d0
     530/     690 : 01C9 01D8                   movep.l d0,(i+(8*0),a1)
     530/     694 :                     
     530/     694 : 2018                        move.l  (a0)+,d0
     530/     696 : 01C9 01E0                   movep.l d0,(i+(8*1),a1)
     530/     69A :                     
     530/     69A : 2018                        move.l  (a0)+,d0
     530/     69C : 01C9 01E8                   movep.l d0,(i+(8*2),a1)
     530/     6A0 :                     
     530/     6A0 : 2018                        move.l  (a0)+,d0
     530/     6A2 : 01C9 01F0                   movep.l d0,(i+(8*3),a1)
     530/     6A6 :                     
     530/     6A6 : 2018                        move.l  (a0)+,d0
     530/     6A8 : 01C9 01F8                   movep.l d0,(i+(8*4),a1)
     530/     6AC :                     
     530/     6AC : 2018                        move.l  (a0)+,d0
     530/     6AE : 01C9 0200                   movep.l d0,(i+(8*5),a1)
     530/     6B2 :                     
     530/     6B2 : 2018                        move.l  (a0)+,d0
     530/     6B4 :                     
     530/     6B4 : 1C9D                                move.b  (a5)+,(a6)      ; output sample. 12
     530/     6B6 :                     
     530/     6B6 : 01C9 0208                   movep.l d0,(i+(8*6),a1)
     530/     6BA :                     
     530/     6BA : 2018                        move.l  (a0)+,d0
     530/     6BC : 01C9 0210                   movep.l d0,(i+(8*7),a1)
     530/     6C0 :                     
     530/     6C0 : 2018                        move.l  (a0)+,d0
     530/     6C2 : 01C9 0218                   movep.l d0,(i+(8*8),a1)
     530/     6C6 :                     
     530/     6C6 : 2018                        move.l  (a0)+,d0
     530/     6C8 : 01C9 0220                   movep.l d0,(i+(8*9),a1)
     530/     6CC :                     
     530/     6CC : 2018                        move.l  (a0)+,d0
     530/     6CE : 01C9 0228                   movep.l d0,(i+(8*10),a1)
     530/     6D2 :                     
     530/     6D2 : 2018                        move.l  (a0)+,d0
     530/     6D4 : 01C9 0230                   movep.l d0,(i+(8*11),a1)
     530/     6D8 :                     
     530/     6D8 : 2018                        move.l  (a0)+,d0
     530/     6DA : 2218                        move.l  (a0)+,d1
     530/     6DC :                     
     530/     6DC : 1C9D                                move.b  (a5)+,(a6)      ; output sample. 12
     530/     6DE :                     
     530/     6DE : 01C9 0238                   movep.l d0,(i+(8*12),a1)
     530/     6E2 : 03C9 0240                   movep.l d1,(i+(8*13),a1)
     530/     6E6 :                     
     530/     6E6 : 2018                        move.l  (a0)+,d0
     530/     6E8 : 01C9 0248                   movep.l d0,(i+(8*14),a1)
     530/     6EC :                     
     530/     6EC : 2018                        move.l  (a0)+,d0
     530/     6EE : 01C9 0250                   movep.l d0,(i+(8*15),a1)
     530/     6F2 :                     
     530/     6F2 : 2018                        move.l  (a0)+,d0
     530/     6F4 : 01C9 0258                   movep.l d0,(i+(8*16),a1)
     530/     6F8 :                     
     530/     6F8 : 2018                        move.l  (a0)+,d0
     530/     6FA : 01C9 0260                   movep.l d0,(i+(8*17),a1)
     530/     6FE :                     
     530/     6FE : 2018                        move.l  (a0)+,d0
     530/     700 : 01C9 0268                   movep.l d0,(i+(8*18),a1)
     530/     704 :                     
     530/     704 : =$270               i set i + 152
     530/     704 :                     
     530/     704 : 1C9D                                move.b  (a5)+,(a6)      ; output sample. 12
     530/     706 :                     
     530/     706 : 2018                        move.l  (a0)+,d0
     530/     708 : 01C9 0270                   movep.l d0,(i+(8*0),a1)
     530/     70C :                     
     530/     70C : 2018                        move.l  (a0)+,d0
     530/     70E : 01C9 0278                   movep.l d0,(i+(8*1),a1)
     530/     712 :                     
     530/     712 : 2018                        move.l  (a0)+,d0
     530/     714 : 01C9 0280                   movep.l d0,(i+(8*2),a1)
     530/     718 :                     
     530/     718 : 2018                        move.l  (a0)+,d0
     530/     71A : 01C9 0288                   movep.l d0,(i+(8*3),a1)
     530/     71E :                     
     530/     71E : 2018                        move.l  (a0)+,d0
     530/     720 : 01C9 0290                   movep.l d0,(i+(8*4),a1)
     530/     724 :                     
     530/     724 : 2018                        move.l  (a0)+,d0
     530/     726 : 01C9 0298                   movep.l d0,(i+(8*5),a1)
     530/     72A :                     
     530/     72A : 2018                        move.l  (a0)+,d0
     530/     72C :                     
     530/     72C : 1C9D                                move.b  (a5)+,(a6)      ; output sample. 12
     530/     72E :                     
     530/     72E : 01C9 02A0                   movep.l d0,(i+(8*6),a1)
     530/     732 :                     
     530/     732 : 2018                        move.l  (a0)+,d0
     530/     734 : 01C9 02A8                   movep.l d0,(i+(8*7),a1)
     530/     738 :                     
     530/     738 : 2018                        move.l  (a0)+,d0
     530/     73A : 01C9 02B0                   movep.l d0,(i+(8*8),a1)
     530/     73E :                     
     530/     73E : 2018                        move.l  (a0)+,d0
     530/     740 : 01C9 02B8                   movep.l d0,(i+(8*9),a1)
     530/     744 :                     
     530/     744 : 2018                        move.l  (a0)+,d0
     530/     746 : 01C9 02C0                   movep.l d0,(i+(8*10),a1)
     530/     74A :                     
     530/     74A : 2018                        move.l  (a0)+,d0
     530/     74C : 01C9 02C8                   movep.l d0,(i+(8*11),a1)
     530/     750 :                     
     530/     750 : 2018                        move.l  (a0)+,d0
     530/     752 : 2218                        move.l  (a0)+,d1
     530/     754 :                     
     530/     754 : 1C9D                                move.b  (a5)+,(a6)      ; output sample. 12
     530/     756 :                     
     530/     756 : 01C9 02D0                   movep.l d0,(i+(8*12),a1)
     530/     75A : 03C9 02D8                   movep.l d1,(i+(8*13),a1)
     530/     75E :                     
     530/     75E : 2018                        move.l  (a0)+,d0
     530/     760 : 01C9 02E0                   movep.l d0,(i+(8*14),a1)
     530/     764 :                     
     530/     764 : 2018                        move.l  (a0)+,d0
     530/     766 : 01C9 02E8                   movep.l d0,(i+(8*15),a1)
     530/     76A :                     
     530/     76A : 2018                        move.l  (a0)+,d0
     530/     76C : 01C9 02F0                   movep.l d0,(i+(8*16),a1)
     530/     770 :                     
     530/     770 : 2018                        move.l  (a0)+,d0
     530/     772 : 01C9 02F8                   movep.l d0,(i+(8*17),a1)
     530/     776 :                     
     530/     776 : 2018                        move.l  (a0)+,d0
     530/     778 : 01C9 0300                   movep.l d0,(i+(8*18),a1)
     530/     77C :                     
     530/     77C : =$308               i set i + 152
     530/     77C :                     
     530/     77C : 1C9D                                move.b  (a5)+,(a6)      ; output sample. 12
     530/     77E :                     
     530/     77E : 2018                        move.l  (a0)+,d0
     530/     780 : 01C9 0308                   movep.l d0,(i+(8*0),a1)
     530/     784 :                     
     530/     784 : 2018                        move.l  (a0)+,d0
     530/     786 : 01C9 0310                   movep.l d0,(i+(8*1),a1)
     530/     78A :                     
     530/     78A : 2018                        move.l  (a0)+,d0
     530/     78C : 01C9 0318                   movep.l d0,(i+(8*2),a1)
     530/     790 :                     
     530/     790 : 2018                        move.l  (a0)+,d0
     530/     792 : 01C9 0320                   movep.l d0,(i+(8*3),a1)
     530/     796 :                     
     530/     796 : 2018                        move.l  (a0)+,d0
     530/     798 : 01C9 0328                   movep.l d0,(i+(8*4),a1)
     530/     79C :                     
     530/     79C : 2018                        move.l  (a0)+,d0
     530/     79E : 01C9 0330                   movep.l d0,(i+(8*5),a1)
     530/     7A2 :                     
     530/     7A2 : 2018                        move.l  (a0)+,d0
     530/     7A4 :                     
     530/     7A4 : 1C9D                                move.b  (a5)+,(a6)      ; output sample. 12
     530/     7A6 :                     
     530/     7A6 : 01C9 0338                   movep.l d0,(i+(8*6),a1)
     530/     7AA :                     
     530/     7AA : 2018                        move.l  (a0)+,d0
     530/     7AC : 01C9 0340                   movep.l d0,(i+(8*7),a1)
     530/     7B0 :                     
     530/     7B0 : 2018                        move.l  (a0)+,d0
     530/     7B2 : 01C9 0348                   movep.l d0,(i+(8*8),a1)
     530/     7B6 :                     
     530/     7B6 : 2018                        move.l  (a0)+,d0
     530/     7B8 : 01C9 0350                   movep.l d0,(i+(8*9),a1)
     530/     7BC :                     
     530/     7BC : 2018                        move.l  (a0)+,d0
     530/     7BE : 01C9 0358                   movep.l d0,(i+(8*10),a1)
     530/     7C2 :                     
     530/     7C2 : 2018                        move.l  (a0)+,d0
     530/     7C4 : 01C9 0360                   movep.l d0,(i+(8*11),a1)
     530/     7C8 :                     
     530/     7C8 : 2018                        move.l  (a0)+,d0
     530/     7CA : 2218                        move.l  (a0)+,d1
     530/     7CC :                     
     530/     7CC : 1C9D                                move.b  (a5)+,(a6)      ; output sample. 12
     530/     7CE :                     
     530/     7CE : 01C9 0368                   movep.l d0,(i+(8*12),a1)
     530/     7D2 : 03C9 0370                   movep.l d1,(i+(8*13),a1)
     530/     7D6 :                     
     530/     7D6 : 2018                        move.l  (a0)+,d0
     530/     7D8 : 01C9 0378                   movep.l d0,(i+(8*14),a1)
     530/     7DC :                     
     530/     7DC : 2018                        move.l  (a0)+,d0
     530/     7DE : 01C9 0380                   movep.l d0,(i+(8*15),a1)
     530/     7E2 :                     
     530/     7E2 : 2018                        move.l  (a0)+,d0
     530/     7E4 : 01C9 0388                   movep.l d0,(i+(8*16),a1)
     530/     7E8 :                     
     530/     7E8 : 2018                        move.l  (a0)+,d0
     530/     7EA : 01C9 0390                   movep.l d0,(i+(8*17),a1)
     530/     7EE :                     
     530/     7EE : 2018                        move.l  (a0)+,d0
     530/     7F0 : 01C9 0398                   movep.l d0,(i+(8*18),a1)
     530/     7F4 :                     
     530/     7F4 : =$3A0               i set i + 152
     530/     7F4 :                     
     530/     7F4 : 1C9D                                move.b  (a5)+,(a6)      ; output sample. 12
     530/     7F6 :                     
     530/     7F6 : 2018                        move.l  (a0)+,d0
     530/     7F8 : 01C9 03A0                   movep.l d0,(i+(8*0),a1)
     530/     7FC :                     
     530/     7FC : 2018                        move.l  (a0)+,d0
     530/     7FE : 01C9 03A8                   movep.l d0,(i+(8*1),a1)
     530/     802 :                     
     530/     802 : 2018                        move.l  (a0)+,d0
     530/     804 : 01C9 03B0                   movep.l d0,(i+(8*2),a1)
     530/     808 :                     
     530/     808 : 2018                        move.l  (a0)+,d0
     530/     80A : 01C9 03B8                   movep.l d0,(i+(8*3),a1)
     530/     80E :                     
     530/     80E : 2018                        move.l  (a0)+,d0
     530/     810 : 01C9 03C0                   movep.l d0,(i+(8*4),a1)
     530/     814 :                     
     530/     814 : 2018                        move.l  (a0)+,d0
     530/     816 : 01C9 03C8                   movep.l d0,(i+(8*5),a1)
     530/     81A :                     
     530/     81A : 2018                        move.l  (a0)+,d0
     530/     81C :                     
     530/     81C : 1C9D                                move.b  (a5)+,(a6)      ; output sample. 12
     530/     81E :                     
     530/     81E : 01C9 03D0                   movep.l d0,(i+(8*6),a1)
     530/     822 :                     
     530/     822 : 2018                        move.l  (a0)+,d0
     530/     824 : 01C9 03D8                   movep.l d0,(i+(8*7),a1)
     530/     828 :                     
     530/     828 : 2018                        move.l  (a0)+,d0
     530/     82A : 01C9 03E0                   movep.l d0,(i+(8*8),a1)
     530/     82E :                     
     530/     82E : 2018                        move.l  (a0)+,d0
     530/     830 : 01C9 03E8                   movep.l d0,(i+(8*9),a1)
     530/     834 :                     
     530/     834 : 2018                        move.l  (a0)+,d0
     530/     836 : 01C9 03F0                   movep.l d0,(i+(8*10),a1)
     530/     83A :                     
     530/     83A : 2018                        move.l  (a0)+,d0
     530/     83C : 01C9 03F8                   movep.l d0,(i+(8*11),a1)
     530/     840 :                     
     530/     840 : 2018                        move.l  (a0)+,d0
     530/     842 : 2218                        move.l  (a0)+,d1
     530/     844 :                     
     530/     844 : 1C9D                                move.b  (a5)+,(a6)      ; output sample. 12
     530/     846 :                     
     530/     846 : 01C9 0400                   movep.l d0,(i+(8*12),a1)
     530/     84A : 03C9 0408                   movep.l d1,(i+(8*13),a1)
     530/     84E :                     
     530/     84E : 2018                        move.l  (a0)+,d0
     530/     850 : 01C9 0410                   movep.l d0,(i+(8*14),a1)
     530/     854 :                     
     530/     854 : 2018                        move.l  (a0)+,d0
     530/     856 : 01C9 0418                   movep.l d0,(i+(8*15),a1)
     530/     85A :                     
     530/     85A : 2018                        move.l  (a0)+,d0
     530/     85C : 01C9 0420                   movep.l d0,(i+(8*16),a1)
     530/     860 :                     
     530/     860 : 2018                        move.l  (a0)+,d0
     530/     862 : 01C9 0428                   movep.l d0,(i+(8*17),a1)
     530/     866 :                     
     530/     866 : 2018                        move.l  (a0)+,d0
     530/     868 : 01C9 0430                   movep.l d0,(i+(8*18),a1)
     530/     86C :                     
     530/     86C : =$438               i set i + 152
     530/     86C :                     
     531/     86C :                     
     532/     86C : 13C0 00FF 000A      	move.b	d0,(lastSample)
     533/     872 :                     
     535/     872 : 1C9D                		move.b	(a5)+,(a6)	; output sample. 12
     540/     874 :                     
     541/     874 : 4A39 00FF 000C      	tst.b	(noMoreFm)
     542/     87A : 6650                	bne.s	$$skip_remainder
     543/     87C :                     
     544/     87C : 7200                	moveq	#0,d1
     545/     87E : 41F8 1D77           	lea	FmControl,a0
     546/     882 : 45F9 00A0 1500      	lea	CommandBuffer|Z80_CTRL.WRAM,a2
     547/     888 : 1218                	move.b	(a0)+,d1
     548/     88A : 13C1 00A0 004A      	move.b	d1,((FmIterations+1)|Z80_CTRL.WRAM)
     549/     890 : 2601                	move.l	d1,d3
     550/     892 : E409                	lsr.b	#2,d1
     551/     894 : 5301                	subq.b	#1,d1
     552/     896 : 2401                	move.l	d1,d2
     553/     898 : 0283 0000 0007      	andi.l	#$8-1,d3
     554/     89E :                     
     555/     89E :                     $$load_fm_ctrl:
     556/     89E : 2018                	move.l	(a0)+,d0
     557/     8A0 : 01CA 0000           	movep.l	d0,(a2)
     558/     8A4 : 508A                	addq.l	#8,a2
     559/     8A6 : 51C9 FFF6           	dbf d1,$$load_fm_ctrl
     560/     8AA :                     
     561/     8AA : 43F8 1D96           	lea	FmData,a1
     562/     8AE : 47F9 00A0 1501      	lea	(CommandBuffer+1)|Z80_CTRL.WRAM,a3
     563/     8B4 :                     
     564/     8B4 :                     $$load_fm_data:
     565/     8B4 : 2019                	move.l	(a1)+,d0
     566/     8B6 : 01CB 0000           	movep.l	d0,(a3)
     567/     8BA : 508B                	addq.l	#8,a3
     568/     8BC : 51CA FFF6           	dbf d2,$$load_fm_data
     569/     8C0 :                     
     570/     8C0 : 5303                	subq.b	#1,d3
     571/     8C2 : 6308                	bls.s	$$skip_remainder
     572/     8C4 :                     
     573/     8C4 :                     $$load_remainder:
     574/     8C4 : 14D8                	move.b	(a0)+,(a2)+
     575/     8C6 : 14D9                	move.b	(a1)+,(a2)+
     576/     8C8 : 51CB FFFA           	dbf d3,$$load_remainder
     577/     8CC :                     
     578/     8CC :                     $$skip_remainder:
     580/     8CC : 1C9D                		move.b	(a5)+,(a6)	; output sample. 12
     585/     8CE :                     
     586/     8CE : 203C 003F 076F      	move.l	#Music.end,d0	; 12
     587/     8D4 : 9084                	sub.l	d4,d0
     588/     8D6 : 7200                	moveq	#0,d1
     589/     8D8 : 3239 00FF 0004      	move.w	(z80Samples),d1
     590/     8DE : 9081                	sub.l	d1,d0	; is the audio about to end (ends on Z80 buffer)? 8
     591/     8E0 : 6A24                	bpl.s	SkipTracking		; 10 cycles on branch, 8 cycles no branch
     592/     8E2 :                     
     593/     8E2 :                     ; Z80 playback with sample tracking routine to stop at the right time
     594/     8E2 : 41F9 00A0 0046      	lea	(Z80Init.routineAddress+1)|Z80_CTRL.WRAM,a0	; 8
     595/     8E8 : 10FC 0015           	move.b	#Init_EndSound&$FF,(a0)+	; 12
     596/     8EC : 10BC 0000           	move.b	#Init_EndSound>>8,(a0)		; 12
     597/     8F0 : 4440                	neg.w	d0	; get the absolute value of the remaining samples to play
     598/     8F2 : 41F9 00A0 0019      	lea	(RemainingSamples+1)|Z80_CTRL.WRAM,a0	; 8
     599/     8F8 : 10C0                	move.b	d0,(a0)+							; 8
     600/     8FA : E048                	lsr.w	#8,d0								; 22
     601/     8FC : 1080                	move.b	d0,(a0)								; 8
     602/     8FE : 50F9 00FF 000B      	st	(shouldStop)							; 16
     603/     904 : 6026                	bra.s	UpdateRoutine							; 10
     604/     906 :                     
     605/     906 :                     SkipTracking:
     606/     906 : 4A39 00FF 000C      	tst.b	(noMoreFm)
     607/     90C : 6610                	bne.s	$$skip_sound
     608/     90E : 41F9 00A0 0046      	lea	(Z80Init.routineAddress+1)|Z80_CTRL.WRAM,a0	; 8
     609/     914 : 10FC 0048           	move.b	#Init_DacAndFm&$FF,(a0)+				; 12
     610/     918 : 10BC 0000           	move.b	#Init_DacAndFm>>8,(a0)					; 12
     611/     91C : 600E                	bra.s	UpdateRoutine
     612/     91E :                     
     613/     91E :                     $$skip_sound:
     614/     91E : 41F9 00A0 0046      	lea	(Z80Init.routineAddress+1)|Z80_CTRL.WRAM,a0	; 8
     615/     924 : 10FC 0068           	move.b	#Init_DacOnly&$FF,(a0)+					; 12
     616/     928 : 10BC 0000           	move.b	#Init_DacOnly>>8,(a0)					; 12
     617/     92C :                     
     618/     92C :                     UpdateRoutine:
     619/     92C : 41F9 00A0 0506      	lea	(bufferIndex+1|Z80_CTRL.WRAM),a0
     620/     932 : 43F9 00FF 0010      	lea z80BufferIndex,a1
     621/     938 : 13F9 00A0 0503 00FF 	move.b	(refreshRegister|Z80_CTRL.WRAM),(randomByte)
              940 : 000E               
     622/     942 : 3010                	move.w	(a0),d0		; get high byte. 8
     623/     944 : 1020                	move.b	-(a0),d0	; get lower byte. 8
     624/     946 : 32C0                	move.w	d0,(a1)+
     625/     948 : 41F9 00A0 0508      	lea	(interrputPc+1|Z80_CTRL.WRAM),a0
     626/     94E : 3010                	move.w	(a0),d0		; get high byte. 8
     627/     950 : 1020                	move.b	-(a0),d0	; get lower byte. 8
     628/     952 : 3280                	move.w	d0,(a1)
     629/     954 :                     
     630/     954 : 23C4 00FF 0000      	move.l	d4,(sampleIndex)	; 20
     631/     95A : 50F9 00FF 000C      	st	(noMoreFm)
     632/     960 :                     
     633/     960 : (MACRO)[22]         	startZ80	; restart Z80
     633/     960 :                     
     633/     960 : 33FC 0000 00A1 1100                 move.w  #0,(Z80_CTRL.BUSREQ).l
     634/     968 :                     
     635/     968 : 4E73                	rte
     636/     96A :                     
     637/     96A :                     ; ==========================
     638/     96A :                     
     639/     96A :                     ; Horizontal interrupt
     640/     96A :                     VDP_HBlank:
     641/     96A : 4E73                	rte
     642/     96C :                     
     643/     96C :                     ; ==========================
     644/     96C :                     
     645/     96C :                     EntryPoint:
     646/     96C : 1039 00A1 0001      	move.b	(REG.VERSION),d0
     647/     972 : 0200 000F           	andi.b	#$F,d0	; check if the console has TMSS or not
     648/     976 : 670A                	beq.s	$$skip_tmss
     649/     978 : 23FC 5345 4741 00A1 	move.l	#"SEGA",(REG.TMSS)
              980 : 4000               
     650/     982 :                     $$skip_tmss:
     651/     982 :                     
     652/     982 :                     ; ============================
     653/     982 :                     ; VDP initialization and setup
     654/     982 :                     ; ============================
     655/     982 :                     
     656/     982 :                     ; VDP setup reference: https://plutiedev.com/vdp-setup
     657/     982 :                     
     658/     982 : 41F9 00C0 0004      	lea VDP.CTRL,a0
     659/     988 : 43F9 00C0 0000      	lea	VDP.DATA,a1
     660/     98E :                     
     661/     98E : 4A50                	tst.w 	(a0) ; testing the VDP control port safely resets it
     662/     990 :                     	
     663/     990 :                     ; Register reference: https://plutiedev.com/vdp-registers
     664/     990 :                     
     665/     990 : 20BC 8004 8174      	move.l  #(VDP_REG.MODE1|%00000100)<<16|(VDP_REG.MODE2|%01110100),(a0)	; mode register #1 and Mode register #2
     666/     996 : 20BC 8B00 8C81      	move.l  #(VDP_REG.MODE3|%00000000)<<16|(VDP_REG.MODE4|%10000001),(a0)	; mode register #3 and Mode Register #4
     667/     99C :                         
     668/     99C :                     ; Planes reference: https://segaretro.org/Sega_Mega_Drive/Planes
     669/     99C :                     
     670/     99C : 20BC 8238 8406       	move.l  #(VDP_REG.PLANEA|(VDP_VRAM.PLANEA>>10))<<16|(VDP_REG.PLANEB|(VDP_VRAM.PLANEB>>13)),(a0)	; plane A and Plane B address
     671/     9A2 : 20BC 8578 833F      	move.l  #(VDP_REG.SPRITE|(VDP_VRAM.SPRITE>>9))<<16|(VDP_REG.WINDOW|(VDP_VRAM.WINDOW>>10)),(a0)	; sprite and Window address
     672/     9A8 : 30BC 8D3F           	move.w  #VDP_REG.HSCROLL|(VDP_VRAM.HSCROLL>>10),(a0)											; horizontal scroll address
     673/     9AC :                         
     674/     9AC : 20BC 9100 9200      	move.l  #(VDP_REG.WINX|$00)<<16|(VDP_REG.WINY|$00),(a0)			; window X split and Window Y split
     675/     9B2 : 20BC 9001 8700      	move.l  #(VDP_REG.SIZE|%00000001)<<16|(VDP_REG.BGCOL|$00),(a0)	; tilemap size and Background color
     676/     9B8 : 20BC 8F02 8AFF      	move.l  #(VDP_REG.INCR|$02)<<16|(VDP_REG.HRATE|$FF),(a0)		; autoincrement and HBlank IRQ rate
     677/     9BE :                     
     678/     9BE : 7040                	moveq 	#$40,d0
     679/     9C0 : 13C0 00A1 0009      	move.b	d0,(JOY1.CTRL)	; initialize controller ports
     680/     9C6 : 13C0 00A1 0003      	move.b	d0,(JOY1.DATA)
     681/     9CC :                     
     682/     9CC :                     ; Initialization code to set up screen, reset variables and processors
     683/     9CC :                     
     684/     9CC : (MACRO)[23]         	dma68kToVDP PAT_BodyFont, $0000, PAT_BodyFont.SIZE, VDP_CMD.VRAM, FALSE, (a0), (a1)	; load default font
     684/     9CC : =$0                                 set     .c,0
     684/     9CC : 20BC 9406 9300              move.l  #dmaCommandLength(dmaLength(PAT_BodyFont.SIZE)),(a0)
     684/     9D2 : 20BC 9608 956F              move.l  #dmaCommandSrcLow(dmaSource(PAT_BodyFont)),(a0)
     684/     9D8 : 20BC 9700 4000              move.l  #(dmaCommandSrcHigh(dmaSource(PAT_BodyFont))<<16)|((dmaCommand(($0000)|.c,VDP_CMD.VRAM)>>16)&$FFFF),(a0)
     684/     9DE : 30BC 0080                   move.w  #(dmaCommand(($0000)|.c,VDP_CMD.VRAM)&$FFFF),(a0)
     685/     9E2 : (MACRO)[24]         	dma68kToVDP PAT_BodyFont+$200, $0C00, $140, VDP_CMD.VRAM, FALSE, (a0), (a1)			; load separate numbers used for value printing
     685/     9E2 : =$0                                 set     .c,0
     685/     9E2 : 20BC 9400 93A0              move.l  #dmaCommandLength(dmaLength($140)),(a0)
     685/     9E8 : 20BC 9609 956F              move.l  #dmaCommandSrcLow(dmaSource(PAT_BodyFont+$200)),(a0)
     685/     9EE : 20BC 9700 4C00              move.l  #(dmaCommandSrcHigh(dmaSource(PAT_BodyFont+$200))<<16)|((dmaCommand(($0C00)|.c,VDP_CMD.VRAM)>>16)&$FFFF),(a0)
     685/     9F4 : 30BC 0080                   move.w  #(dmaCommand(($0C00)|.c,VDP_CMD.VRAM)&$FFFF),(a0)
     686/     9F8 : (MACRO)[25]         	dma68kToVDP PAT_BodyFont+$420, $0C00+$140, $C0, VDP_CMD.VRAM, FALSE, (a0), (a1)		; load rest of the hexadecimal digits
     686/     9F8 : =$0                                 set     .c,0
     686/     9F8 : 20BC 9400 9360              move.l  #dmaCommandLength(dmaLength($C0)),(a0)
     686/     9FE : 20BC 960A 957F              move.l  #dmaCommandSrcLow(dmaSource(PAT_BodyFont+$420)),(a0)
     686/     A04 : 20BC 9700 4D40              move.l  #(dmaCommandSrcHigh(dmaSource(PAT_BodyFont+$420))<<16)|((dmaCommand(($0C00+$140)|.c,VDP_CMD.VRAM)>>16)&$FFFF),(a0)
     686/     A0A : 30BC 0080                   move.w  #(dmaCommand(($0C00+$140)|.c,VDP_CMD.VRAM)&$FFFF),(a0)
     687/     A0E :                     
     688/     A0E : (MACRO)[26]         	vdpSetColorSpace 0,(a0)	; set write address to palette line 0, color 0
     688/     A0E : 20BC C000 0000              move.l  #(((0*2)&$3FFF)<<16)|(((0*2)&$C000)>>14)|(VDP_CMD.CRAM),(a0)
     689/     A14 : 22BC 0000 EEEE      	move.l	#$0000EEEE,(a1)	; black and white
     690/     A1A :                     
     691/     A1A : (MACRO)[27]         	dmaFillVRAM $00, VDP_VRAM.PLANEA, $1000, (a0), (a1) ; clears characters at every soft reset
     691/     A1A :                             
     691/     A1A : 20BC 941F 93FC              move.l  #dmaCommandLength(2*($1000-2)),(a0)
     691/     A20 : 20BC 8F01 9780              move.l  #(VDP_REG.INCR|1)<<16|(VDP_REG.DMASRC_H|$80),(a0) ; VRAM pointer increment: $0001, VRAM fill
     691/     A26 :                             ; Forcing the low bit of VDP_VRAM.PLANEA to be 1, as described before.
     691/     A26 : 20BC 6001 0083              move.l  #dmaCommand((VDP_VRAM.PLANEA)|1,VDP_CMD.VRAM),(a0)
     691/     A2C : 32BC 0000                   move.w  #(($00)<<8)|($00),(a1)
     691/     A30 :                     .wait:
     691/     A30 : 3410                        move.w  (a0),d2
     691/     A32 : 0802 0001                   btst    #1,d2
     691/     A36 : 66F8                        bne.s   .wait   ; busy loop until the VDP is finished filling
     691/     A38 : 30BC 8F02                   move.w  #(VDP_REG.INCR)|2,(a0) ; VRAM pointer increment back to 2
     692/     A3C :                     
     693/     A3C :                     ; Prints static text on screen
     694/     A3C : 45F8 0C86           	lea	StaticText,a2
     695/     A40 : 700D                	moveq	#14-1,d0	; number of strings to print
     696/     A42 :                     $$next_text:
     697/     A42 : 7400                	moveq	#0,d2		; no flip, palette 0, low priority for the next tilemap values
     698/     A44 : 209A                	move.l	(a2)+,(a0)	; set coordinates
     699/     A46 : 321A                	move.w	(a2)+,d1	; get string length
     700/     A48 :                     $$print_text:
     701/     A48 : 141A                	move.b	(a2)+,d2	; get character
     702/     A4A : 3282                	move.w	d2,(a1)		; put it to the tilemap
     703/     A4C : 51C9 FFFA           	dbf d1,$$print_text	; next character
     704/     A50 : 51C8 FFF0           	dbf d0,$$next_text	; next string
     705/     A54 :                     
     706/     A54 : 47F9 00A1 1100      	lea Z80_CTRL.BUSREQ,a3
     707/     A5A : 45F9 00A1 1200      	lea Z80_CTRL.RESET,a2
     708/     A60 :                     
     709/     A60 : 343C 0100           	move.w	#$100,d2	; assert, stop
     710/     A64 : 7200                	moveq	#0,d1		; deassert, start
     711/     A66 :                     
     712/     A66 : (MACRO)[28]         	assertZ80Reset d1,a2	; assert reset
     712/     A66 :                     
     712/     A66 : 3481                                        move.w  d1,(a2)
     713/     A68 : (MACRO)[29]         	stopZ80 d2,a3			; request bus
     713/     A68 :                     
     713/     A68 : 3682                                        move.w  d2,(a3)
     714/     A6A : (MACRO)[30]         	deassertZ80Reset d2,a2	; release reset
     714/     A6A :                     
     714/     A6A : 3482                                        move.w  d2,(a2)
     715/     A6C :                     	; We can do more stuff while the Z80 is theoretically stopping
     716/     A6C : 23FC 0000 1DB4 00FF 	move.l 	#Music,(sampleIndex)
              A74 : 0000               
     717/     A76 : 42B9 00FF 0006      	clr.l 	(frameCount)
     718/     A7C : 303C 0097           	move.w	#(Z80ROM_End-Z80ROM_Start)-1,d0
     719/     A80 : 41F9 00A0 0501      	lea playedSamples|Z80_CTRL.WRAM,a0
     720/     A86 : 4218                	clr.b	(a0)+	; only a byte at time when writing to Z80 WRAM
     721/     A88 : 4210                	clr.b	(a0)
     722/     A8A : 51F9 00FF 000B      	sf	(shouldStop)
     723/     A90 : 50F9 00FF 000C      	st	(noMoreFm)
     724/     A96 : 51F9 00FF 000D      	sf	(shouldPause)
     725/     A9C : 33FC 03FF 00FF 0014 	move.w	#$3FF,(controllerStatus)	; set all buttons to 1 (since the port is pulled-up)
     726/     AA4 :                     
     727/     AA4 : 41F8 1CDE           	lea Z80ROM_Start,a0
     728/     AA8 : 43F9 00A0 0000      	lea Z80_CTRL.WRAM,a1
     729/     AAE :                     
     730/     AAE :                     $$copy_program:
     731/     AAE : 12D8                	move.b	(a0)+,(a1)+
     732/     AB0 : 51C8 FFFC           	dbf d0,$$copy_program
     733/     AB4 :                     
     744/     AB4 :                     
     745/     AB4 : (MACRO)[31]         	assertZ80Reset d2,a2	; assert reset
     745/     AB4 :                     
     745/     AB4 : 3482                                        move.w  d2,(a2)
     746/     AB6 :                     
     747/     AB6 : 7014                	moveq	#20,d0
     748/     AB8 : 51C8 FFFE               dbf	d0,*	; wait for the YM2612 to wake up
     749/     ABC :                     
     750/     ABC : (MACRO)[32]         	deassertZ80Reset d2,a2	; release reset
     750/     ABC :                     
     750/     ABC : 3482                                        move.w  d2,(a2)
     751/     ABE :                     
     755/     ABE :                     
     756/     ABE : (MACRO)[33]         	startZ80 a3	; release bus
     756/     ABE :                     
     756/     ABE : 36BC 0000                                   move.w  #0,(a3)
     757/     AC2 :                     
     758/     AC2 :                     ;=================================================================================
     759/     AC2 :                     ; Code that runs every frame
     760/     AC2 :                     
     761/     AC2 :                     ReadJoypad:
     762/     AC2 : 41F9 00A1 0003      	lea	JOY1.DATA,a0
     763/     AC8 : 10BC 0040           	move.b 	#$40,(a0)
     764/     ACC : 43F9 00FF 0014      	lea	controllerStatus,a1
     765/     AD2 : 7000                	moveq	#0,d0
     766/     AD4 : 743C                	moveq	#$3C,d2 ; wait for the bus to get the controller state
     767/     AD6 : 1010                	move.b	(a0),d0
     768/     AD8 :                     
     769/     AD8 : 10BC 0000           	move.b 	#$00,(a0)
     770/     ADC : C002                	and.b	d2,d0	; AND the redundant bits (L and R) with $3C
     771/     ADE : E948                	lsl.w	#4,d0	; shift the unique bits
     772/     AE0 : 8010                	or.b	(a0),d0
     773/     AE2 :                     	; Remember that bits here are inverted for performance
     774/     AE2 :                     	; 0: pressed, 1: not pressed
     775/     AE2 : 3211                	move.w	(a1),d1	; get previous joypad state
     776/     AE4 : 3280                	move.w	d0,(a1)	; update joypad state
     777/     AE6 :                     
     778/     AE6 : 4640                	not.w	d0
     779/     AE8 : C240                	and.w   d0,d1	; just pressed = ~now & before
     780/     AEA :                     ; D0: held buttons, D1: pressed buttons
     781/     AEA : 0801 0004           	btst	#JOY.A,d1
     782/     AEE : 6600 00CE           	bne.w	PlayNote
     783/     AF2 : 0800 0008           	btst	#JOY.B,d0
     784/     AF6 : 6600 00C6           	bne.w	PlayNote
     785/     AFA : 0801 0009           	btst 	#JOY.C,d1
     786/     AFE : 6600 00C8           	bne.w	RestartSample
     787/     B02 : 0801 0007           	btst	#JOY.R,d1
     788/     B06 : 6600 00CE           	bne.w	SkipForward
     789/     B0A : 0801 0006           	btst	#JOY.L,d1
     790/     B0E : 6600 00D4           	bne.w	SkipBackward
     791/     B12 : 0801 0000           	btst	#JOY.U,d1
     792/     B16 : 6600 00DA           	bne.w	JumpForward
     793/     B1A : 0801 0001           	btst	#JOY.D,d1
     794/     B1E : 6600 00E0           	bne.w	JumpBackward
     795/     B22 : 0801 0005           	btst	#JOY.START,d1
     796/     B26 : 6600 0102           	bne.w	PauseOrResume
     797/     B2A : 0C51 01D3           	cmpi.w	#$01D3,(a1)
     798/     B2E : 6700 F7C8           	beq.l	ManualCrash
     799/     B32 :                     
     800/     B32 :                     ; Prints dynamic RAM values that get updated each frame next to static text
     801/     B32 :                     UpdateDebugger
     802/     B32 :                     .init:
     803/     B32 : 7400                	moveq	#0,d2	; no flip, palette 0, low priority for the next tilemap values
     804/     B34 : 7606                	moveq	#7-1,d3	; number of values to print
     805/     B36 : 41F9 00C0 0004      	lea	VDP.CTRL,a0
     806/     B3C : 43F9 00C0 0000      	lea	VDP.DATA,a1
     807/     B42 : 45F8 0E9E           	lea	ValueInformation,a2
     808/     B46 :                     .loop:
     809/     B46 : 265A                	movea.l	(a2)+,a3	; variable address
     810/     B48 : 209A                	move.l	(a2)+,(a0)	; VDP coordinates
     811/     B4A : 32BC 0004           	move.w	#$0004,(a1)	; print "$"
     812/     B4E : 301A                	move.w	(a2)+,d0	; jump offset
     813/     B50 :                     .base:
     814/     B50 : 4EFB 0000           	jmp (pc,d0.w)	; jump to corresponding routine based on value size
     815/     B54 :                     
     816/     B54 :                     PrintByte:
     817/     B54 : 7001                	moveq	#2-1,d0	; number of digits to print (a byte has two digits)
     818/     B56 : 1213                	move.b	(a3),d1	; get the RAM value of interest
     819/     B58 :                     $$print_byte:
     820/     B58 : E919                	rol.b	#4,d1				; rotate each digit
     821/     B5A : 1401                	move.b	d1,d2				; back up a byte to D2
     822/     B5C : 0202 000F           	andi.b	#$0F,d2				; get only 1 digit
     823/     B60 : 0642 0060           	addi.w	#$60,d2				; apply the VRAM font offset
     824/     B64 : 3282                	move.w	d2,(a1)				; update tilemap with no flip, palette 0, low priority
     825/     B66 : 51C8 FFF0           	dbf d0,$$print_byte			; next value digit
     826/     B6A : 51CB FFDA           	dbf d3,UpdateDebugger.loop	; next RAM value
     827/     B6E : 6036                	bra.s	WaitInterrupt		; continue (avoiding fallthrough)
     828/     B70 :                     
     829/     B70 :                     PrintWord:
     830/     B70 : 7003                	moveq	#4-1,d0
     831/     B72 : 3213                	move.w	(a3),d1
     832/     B74 :                     $$print_word:
     833/     B74 : E959                	rol.w	#4,d1
     834/     B76 : 1401                	move.b	d1,d2
     835/     B78 : 0202 000F           	andi.b	#$0F,d2
     836/     B7C : 0642 0060           	addi.w	#$60,d2
     837/     B80 : 3282                	move.w	d2,(a1)
     838/     B82 : 51C8 FFF0           	dbf d0,$$print_word
     839/     B86 : 51CB FFBE           	dbf d3,UpdateDebugger.loop
     840/     B8A : 601A                	bra.s	WaitInterrupt
     841/     B8C :                     
     842/     B8C :                     PrintLong:
     843/     B8C : 7007                	moveq	#8-1,d0
     844/     B8E : 2213                	move.l	(a3),d1
     845/     B90 :                     $$print_long:
     846/     B90 : E999                	rol.l	#4,d1
     847/     B92 : 1401                	move.b	d1,d2
     848/     B94 : 0202 000F           	andi.b	#$0F,d2
     849/     B98 : 0642 0060           	addi.w	#$60,d2
     850/     B9C : 3282                	move.w	d2,(a1)
     851/     B9E : 51C8 FFF0           	dbf d0,$$print_long
     852/     BA2 : 51CB FFA2           	dbf d3,UpdateDebugger.loop
     853/     BA6 :                     
     854/     BA6 :                     WaitInterrupt:
     855/     BA6 : 4E72 2500           	stop	#$2500			; wait until next frame
     856/     BAA : 4A39 00FF 000B      	tst.b	(shouldStop)	; is the audio ended?
     857/     BB0 : 6600 00AC           	bne.w	DisableCpu		; if yes, stop the CPU
     858/     BB4 : 52B9 00FF 0006      	addq.l	#1,(frameCount)	; update frame counter
     859/     BBA : 6000 FF06           	bra.w	ReadJoypad		; go back to check buttons
     860/     BBE :                     PlayNote:
     861/     BBE : 51F9 00FF 000C      	sf	(noMoreFm)
     862/     BC4 : 6000 FF6C           	bra.w	UpdateDebugger.init
     863/     BC8 :                     
     864/     BC8 :                     RestartSample:
     865/     BC8 : 23FC 0000 1DB4 00FF 	move.l	#Music,(sampleIndex)	; reset sample index
              BD0 : 0000               
     866/     BD2 : 6000 FF5E           	bra.w	UpdateDebugger.init
     867/     BD6 :                     
     868/     BD6 :                     SkipForward:
     869/     BD6 : 2039 00FF 0000      	move.l	(sampleIndex),d0
     870/     BDC : D0BC 0001 0000      	add.l	#$10000,d0
     871/     BE2 : 6028                	bra.s	IsOutOfBound
     872/     BE4 :                     
     873/     BE4 :                     SkipBackward:
     874/     BE4 : 2039 00FF 0000      	move.l	(sampleIndex),d0
     875/     BEA : 90BC 0001 0000      	sub.l	#$10000,d0
     876/     BF0 : 601A                	bra.s	IsOutOfBound
     877/     BF2 :                     
     878/     BF2 :                     JumpForward:
     879/     BF2 : 2039 00FF 0000      	move.l	(sampleIndex),d0
     880/     BF8 : D0BC 0010 0000      	add.l	#$100000,d0
     881/     BFE : 600C                	bra.s	IsOutOfBound
     882/     C00 :                     
     883/     C00 :                     JumpBackward:
     884/     C00 : 2039 00FF 0000      	move.l	(sampleIndex),d0
     885/     C06 : 90BC 0010 0000      	sub.l	#$100000,d0
     886/     C0C :                     
     887/     C0C :                     ; Checks if skipping forward or backward makes
     888/     C0C :                     ; the index go out of bound. If it does, the
     889/     C0C :                     ; button press will be ignored.
     890/     C0C :                     IsOutOfBound:
     891/     C0C : B0BC 003F 076F      	cmp.l	#Music.end,d0
     892/     C12 :                     ; Ignore press if the sample index is too big (over ROM size limit)
     893/     C12 : 6200 FF1E           	bhi.w	UpdateDebugger.init	
     894/     C16 : B0BC 0000 1DB4      	cmp.l	#Music,d0
     895/     C1C :                     ; Ignore press if the sample index is too small (on code and assets)
     896/     C1C : 6500 FF14           	blo.w	UpdateDebugger.init
     897/     C20 : 23C0 00FF 0000      	move.l	d0,(sampleIndex)	; apply the result if no boundaries are hit
     898/     C26 : 6000 FF0A           	bra.w	UpdateDebugger.init
     899/     C2A :                     
     900/     C2A :                     PauseOrResume:
     901/     C2A : 7200                	moveq	#0,d1
     902/     C2C : 41F9 00C0 0004      	lea VDP.CTRL,a0
     903/     C32 : 43F9 00C0 0000      	lea VDP.DATA,a1
     904/     C38 : 45F8 0E4A           	lea	(PauseMessage),a2
     905/     C3C : 209A                	move.l	(a2)+,(a0)
     906/     C3E : 301A                	move.w	(a2)+,d0
     907/     C40 : 4639 00FF 000D      	not.b	(shouldPause)
     908/     C46 : 660A                	bne.s	$$print_text
     909/     C48 :                     ; Clear pause text
     910/     C48 :                     $$clear_text:
     911/     C48 : 3281                	move.w	d1,(a1)
     912/     C4A : 51C8 FFFC           	dbf d0,$$clear_text
     913/     C4E : 6000 FEE2           	bra.w	UpdateDebugger.init
     914/     C52 :                     ; Print pause text
     915/     C52 :                     $$print_text:
     916/     C52 : 121A                	move.b	(a2)+,d1
     917/     C54 : 3281                	move.w	d1,(a1)
     918/     C56 : 51C8 FFFA           	dbf d0,$$print_text
     919/     C5A : 6000 FED6           	bra.w	UpdateDebugger.init
     920/     C5E :                     
     921/     C5E :                     DisableCpu:
     922/     C5E : 41F9 00C0 0004      	lea VDP.CTRL,a0
     923/     C64 : 43F9 00C0 0000      	lea VDP.DATA,a1
     924/     C6A : 45F8 0E60           	lea	HaltMessage,a2
     925/     C6E : 7201                	moveq	#2-1,d1
     926/     C70 :                     $$next_text:
     927/     C70 : 7400                	moveq	#0,d2
     928/     C72 : 209A                	move.l	(a2)+,(a0)
     929/     C74 : 301A                	move.w	(a2)+,d0
     930/     C76 :                     $$print_text:
     931/     C76 : 141A                	move.b	(a2)+,d2
     932/     C78 : 3282                	move.w	d2,(a1)
     933/     C7A : 51C8 FFFA           	dbf d0,$$print_text
     934/     C7E : 51C9 FFF0           	dbf d1,$$next_text
     935/     C82 :                     
     936/     C82 : 4E72 2700           	stop	#$2700	; halt indefinitely
     937/     C86 :                     
     938/     C86 :                     ;=================================================================================
     939/     C86 :                     
     940/     C86 :                     ; Assets section
     941/     C86 :                     
     942/     C86 :                     	include "Strings.asm"
(1)    1/     C86 :                     	align 2
(1)    2/     C86 :                     	save
(1)   30/     E9E : ALL                 	restore
(1)   31/     E9E :                     
(1)   32/     E9E :                     ValueInformation:
(1)   33/     E9E : 00FF 0000           	dc.l sampleIndex						; variable address
(1)   34/     EA2 : 6032 0003           	dc.l vdpCoordinates(25,0)				; VDP coordinates
(1)   35/     EA6 : 003A                	dc.w PrintLong-UpdateDebugger.base-2	; jump offset
(1)   36/     EA8 :                     
(1)   37/     EA8 : 00FF 0004           	dc.l z80Samples
(1)   38/     EAC : 60B2 0003           	dc.l vdpCoordinates(25,1)
(1)   39/     EB0 : 001E                	dc.w PrintWord-UpdateDebugger.base-2
(1)   40/     EB2 :                     
(1)   41/     EB2 : 00FF 000A           	dc.l lastSample
(1)   42/     EB6 : 6132 0003           	dc.l vdpCoordinates(25,2)
(1)   43/     EBA : 0002                	dc.w PrintByte-UpdateDebugger.base-2
(1)   44/     EBC :                     
(1)   45/     EBC : 00FF 0010           	dc.l z80BufferIndex
(1)   46/     EC0 : 61B2 0003           	dc.l vdpCoordinates(25,3)
(1)   47/     EC4 : 001E                	dc.w PrintWord-UpdateDebugger.base-2
(1)   48/     EC6 :                     
(1)   49/     EC6 : 00FF 0012           	dc.l z80InterruptPc
(1)   50/     ECA : 6232 0003           	dc.l vdpCoordinates(25,4)
(1)   51/     ECE : 001E                	dc.w PrintWord-UpdateDebugger.base-2
(1)   52/     ED0 :                     
(1)   53/     ED0 : 00FF 000E           	dc.l randomByte
(1)   54/     ED4 : 62B2 0003           	dc.l vdpCoordinates(25,5)
(1)   55/     ED8 : 0002                	dc.w PrintByte-UpdateDebugger.base-2
(1)   56/     EDA :                     
(1)   57/     EDA : 00FF 0006           	dc.l frameCount
(1)   58/     EDE : 6332 0003           	dc.l vdpCoordinates(25,6)
(1)   59/     EE2 : 003A                	dc.w PrintLong-UpdateDebugger.base-2
(1)   60/     EE4 :                     
(1)   61/     EE4 :                     Messages:
(1)   62/     EE4 : (MACRO)[51]         	dfntxt "Unfortunately, the Sega Mega Drive", 0, 0
(1)   62/     EE4 : 6000 0003                   dc.l vdpCoordinates(0,0)
(1)   62/     EE8 :                     
(1)   62/     EE8 : =$22                length set strlen("Unfortunately, the Sega Mega Drive")
(1)   62/     EE8 :                             ; The AND operator is there to avoid making
(1)   62/     EE8 :                             ; the length odd and thus crashing the CPU
(1)   62/     EE8 : 0021                        dc.w length + length&1 - 1      ; -1 because of DBF loop
(1)   62/     EEA : 354E 464F 5254 554E         dc.b "Unfortunately, the Sega Mega Drive"
              EF2 : 4154 454C 590C 0054
              EFA : 4845 0033 4547 4100
              F02 : 2D45 4741 0024 5249
              F0A : 5645               
(1)   63/     F0C : (MACRO)[52]         	dfntxt "has crashed! I'm sorry :(", 0, 1
(1)   63/     F0C : 6080 0003                   dc.l vdpCoordinates(0,1)
(1)   63/     F10 :                     
(1)   63/     F10 : =$19                length set strlen("has crashed! I'm sorry :(")
(1)   63/     F10 :                             ; The AND operator is there to avoid making
(1)   63/     F10 :                             ; the length odd and thus crashing the CPU
(1)   63/     F10 : 0019                        dc.w length + length&1 - 1      ; -1 because of DBF loop
(1)   63/     F12 : 4841 5300 4352 4153         dc.b "has crashed! I'm sorry :("
              F1A : 4845 4401 0029 074D
              F22 : 0053 4F52 5259 001A
              F2A : 08               
(1)   64/     F2B : (MACRO)[53]         	dfntxt "If you want to know more,", 0, 2
(1)   64/     F2B : 00                  <padding>
(1)   64/     F2C : 6100 0003                   dc.l vdpCoordinates(0,2)
(1)   64/     F30 :                     
(1)   64/     F30 : =$19                length set strlen("If you want to know more,")
(1)   64/     F30 :                             ; The AND operator is there to avoid making
(1)   64/     F30 :                             ; the length odd and thus crashing the CPU
(1)   64/     F30 : 0019                        dc.w length + length&1 - 1      ; -1 because of DBF loop
(1)   64/     F32 : 2946 0059 4F55 0057         dc.b "If you want to know more,"
              F3A : 414E 5400 544F 004B
              F42 : 4E4F 5700 4D4F 5245
              F4A : 0C               
(1)   65/     F4B : (MACRO)[54]         	dfntxt "there's some useful information:", 0, 3
(1)   65/     F4B : 00                  <padding>
(1)   65/     F4C : 6180 0003                   dc.l vdpCoordinates(0,3)
(1)   65/     F50 :                     
(1)   65/     F50 : =$20                length set strlen("there's some useful information:")
(1)   65/     F50 :                             ; The AND operator is there to avoid making
(1)   65/     F50 :                             ; the length odd and thus crashing the CPU
(1)   65/     F50 : 001F                        dc.w length + length&1 - 1      ; -1 because of DBF loop
(1)   65/     F52 : 5448 4552 4507 5300         dc.b "there's some useful information:"
              F5A : 534F 4D45 0055 5345
              F62 : 4655 4C00 494E 464F
              F6A : 524D 4154 494F 4E1A
(1)   66/     F72 : (MACRO)[55]         	dfntxt "STOP_CODE: 0x", 0, 5
(1)   66/     F72 : 6280 0003                   dc.l vdpCoordinates(0,5)
(1)   66/     F76 :                     
(1)   66/     F76 : =$D                 length set strlen("STOP_CODE: 0x")
(1)   66/     F76 :                             ; The AND operator is there to avoid making
(1)   66/     F76 :                             ; the length odd and thus crashing the CPU
(1)   66/     F76 : 000D                        dc.w length + length&1 - 1      ; -1 because of DBF loop
(1)   66/     F78 : 3334 2F30 3F23 2F24         dc.b "STOP_CODE: 0x"
              F80 : 251A 0010 58      
(1)   67/     F85 :                     	
(1)   68/     F85 :                     	align 2
(1)   69/     F86 : 0822 3533 3F25 3232 	Code0:	dc.b "(BUS_ERROR)",$00
              F8E : 2F32 0900         
(1)   70/     F92 : 0821 2424 3225 3333 	Code1:	dc.b "(ADDRESS_ERROR)",$00
              F9A : 3F25 3232 2F32 0900
(1)   71/     FA2 : 0829 2C2C 2527 212C 	Code2:	dc.b "(ILLEGALINSTRUCTION_EXCEPTION)"
              FAA : 292E 3334 3235 2334
              FB2 : 292F 2E3F 2538 2325
              FBA : 3034 292F 2E09   
(1)   72/     FC0 : 0824 2936 2933 292F 	Code3:	dc.b "(DIVISIONBYZERO_EXCEPTION)"
              FC8 : 2E22 393A 2532 2F3F
              FD0 : 2538 2325 3034 292F
              FD8 : 2E09               
(1)   73/     FDA : 0823 2825 232B 3F25 	Code4:	dc.b "(CHECK_EXCEPTION)",$00
              FE2 : 3823 2530 3429 2F2E
              FEA : 0900               
(1)   74/     FEC : 0834 3221 3036 3F25 	Code5:	dc.b "(TRAPV_EXCEPTION)",$00
              FF4 : 3823 2530 3429 2F2E
              FFC : 0900               
(1)   75/     FFE : 0830 3229 3629 2C25 	Code6:	dc.b "(PRIVILEGE_VIOLATION)",$00
             1006 : 2725 3F36 292F 2C21
             100E : 3429 2F2E 0900   
(1)   76/    1014 : 0834 3221 2325 3F25 	Code7:	dc.b "(TRACE_EXCEPTION)",$00
             101C : 3823 2530 3429 2F2E
             1024 : 0900               
(1)   77/    1026 : 082C 292E 2511 1011 	Code8:	dc.b "(LINE1010_EMU)"
             102E : 103F 252D 3509   
(1)   78/    1034 : 082C 292E 2511 1111 	Code9:	dc.b "(LINE1111_EMU)"
             103C : 113F 252D 3509   
(1)   79/    1042 : 0833 3035 3229 2F35 	Code10:	dc.b "(SPURIOUS_EXCEPTION)"
             104A : 333F 2538 2325 3034
             1052 : 292F 2E09         
(1)   80/    1056 : 0834 3221 3058 583F 	Code11:	dc.b "(TRAPxx_EXCEPTION)"
             105E : 2538 2325 3034 292F
             1066 : 2E09               
(1)   81/    1068 : 0835 2E2B 2E2F 372E 	Code12:	dc.b "(UNKNOWN_ERROR)",$00
             1070 : 3F25 3232 2F32 0900
(1)   82/    1078 : 082D 212E 3521 2C2C 	Code13:	dc.b "(MANUALLY_INITIATED_CRASH)"
             1080 : 393F 292E 2934 2921
             1088 : 3425 243F 2332 2133
             1090 : 2809               
(1)   83/    1092 :                     
(1)   84/    1092 :                     TextCodes:
(1)   85/    1092 : 0000 0F86           	dc.l Code0
(1)   86/    1096 : 0000 0F92           	dc.l Code1
(1)   87/    109A : 0000 0FA2           	dc.l Code2
(1)   88/    109E : 0000 0FC0           	dc.l Code3
(1)   89/    10A2 : 0000 0FDA           	dc.l Code4
(1)   90/    10A6 : 0000 0FEC           	dc.l Code5
(1)   91/    10AA : 0000 0FFE           	dc.l Code6
(1)   92/    10AE : 0000 1014           	dc.l Code7
(1)   93/    10B2 : 0000 1026           	dc.l Code8
(1)   94/    10B6 : 0000 1034           	dc.l Code9
(1)   95/    10BA : 0000 1042           	dc.l Code10
(1)   96/    10BE : 0000 1056           	dc.l Code11
(1)   97/    10C2 : 0000 1068           	dc.l Code12
(1)   98/    10C6 : 0000 1078           	dc.l Code13
(1)   99/    10CA : 0000 1092           	dc.l TextCodes
(1)  100/    10CE :                     	
(1)  101/    10CE : 3245 4749 5354 4552 Message5:	dc.b "Registers dump:"
             10D6 : 5300 4455 4D50 1A
     943/    10DD :                     	
     944/    10DD :                     	align 2
     945/    10DE :                     PAT_BodyFont:	include "Body Font.asm"
(1)    1/    10DE :                     	; --- Tiles ---
(1)    2/    10DE : 0000 0000           	dc.l	$00000000	;	Tile (col 0, row 0)
(1)    3/    10E2 : 0000 0000           	dc.l	$00000000
(1)    4/    10E6 : 0000 0000           	dc.l	$00000000
(1)    5/    10EA : 0000 0000           	dc.l	$00000000
(1)    6/    10EE : 0000 0000           	dc.l	$00000000
(1)    7/    10F2 : 0000 0000           	dc.l	$00000000
(1)    8/    10F6 : 0000 0000           	dc.l	$00000000
(1)    9/    10FA : 0000 0000           	dc.l	$00000000
(1)   10/    10FE : 0000 0000           	dc.l	$00000000	;	Tile (col 0, row 0)
(1)   11/    1102 : 0001 1000           	dc.l	$00011000
(1)   12/    1106 : 0001 1000           	dc.l	$00011000
(1)   13/    110A : 0001 1000           	dc.l	$00011000
(1)   14/    110E : 0001 1000           	dc.l	$00011000
(1)   15/    1112 : 0000 0000           	dc.l	$00000000
(1)   16/    1116 : 0001 1000           	dc.l	$00011000
(1)   17/    111A : 0000 0000           	dc.l	$00000000
(1)   18/    111E : 0000 0000           	dc.l	$00000000	;	Tile (col 1, row 0)
(1)   19/    1122 : 0110 0110           	dc.l	$01100110
(1)   20/    1126 : 0110 0110           	dc.l	$01100110
(1)   21/    112A : 0110 0110           	dc.l	$01100110
(1)   22/    112E : 0000 0000           	dc.l	$00000000
(1)   23/    1132 : 0000 0000           	dc.l	$00000000
(1)   24/    1136 : 0000 0000           	dc.l	$00000000
(1)   25/    113A : 0000 0000           	dc.l	$00000000
(1)   26/    113E : 0000 0000           	dc.l	$00000000	;	Tile (col 1, row 0)
(1)   27/    1142 : 0110 0110           	dc.l	$01100110
(1)   28/    1146 : 1111 1111           	dc.l	$11111111
(1)   29/    114A : 0110 0110           	dc.l	$01100110
(1)   30/    114E : 0110 0110           	dc.l	$01100110
(1)   31/    1152 : 1111 1111           	dc.l	$11111111
(1)   32/    1156 : 0110 0110           	dc.l	$01100110
(1)   33/    115A : 0000 0000           	dc.l	$00000000
(1)   34/    115E : 0001 1000           	dc.l	$00011000	;	Tile (col 4, row 0)
(1)   35/    1162 : 0011 1110           	dc.l	$00111110
(1)   36/    1166 : 0110 0000           	dc.l	$01100000
(1)   37/    116A : 0011 1100           	dc.l	$00111100
(1)   38/    116E : 0000 0110           	dc.l	$00000110
(1)   39/    1172 : 0111 1100           	dc.l	$01111100
(1)   40/    1176 : 0001 1000           	dc.l	$00011000
(1)   41/    117A : 0000 0000           	dc.l	$00000000
(1)   42/    117E : 0000 0000           	dc.l	$00000000	;	Tile (col 5, row 0)
(1)   43/    1182 : 0110 0110           	dc.l	$01100110
(1)   44/    1186 : 0110 1100           	dc.l	$01101100
(1)   45/    118A : 0001 1000           	dc.l	$00011000
(1)   46/    118E : 0011 0000           	dc.l	$00110000
(1)   47/    1192 : 0110 0110           	dc.l	$01100110
(1)   48/    1196 : 0100 0110           	dc.l	$01000110
(1)   49/    119A : 0000 0000           	dc.l	$00000000
(1)   50/    119E : 0001 1100           	dc.l	$00011100	;	Tile (col 6, row 0)
(1)   51/    11A2 : 0011 0110           	dc.l	$00110110
(1)   52/    11A6 : 0001 1100           	dc.l	$00011100
(1)   53/    11AA : 0011 1000           	dc.l	$00111000
(1)   54/    11AE : 0110 1111           	dc.l	$01101111
(1)   55/    11B2 : 0110 0110           	dc.l	$01100110
(1)   56/    11B6 : 0011 1011           	dc.l	$00111011
(1)   57/    11BA : 0000 0000           	dc.l	$00000000
(1)   58/    11BE : 0000 0000           	dc.l	$00000000	;	Tile (col 7, row 0)
(1)   59/    11C2 : 0001 1000           	dc.l	$00011000
(1)   60/    11C6 : 0001 1000           	dc.l	$00011000
(1)   61/    11CA : 0001 1000           	dc.l	$00011000
(1)   62/    11CE : 0000 0000           	dc.l	$00000000
(1)   63/    11D2 : 0000 0000           	dc.l	$00000000
(1)   64/    11D6 : 0000 0000           	dc.l	$00000000
(1)   65/    11DA : 0000 0000           	dc.l	$00000000
(1)   66/    11DE : 0000 0000           	dc.l	$00000000	;	Tile (col 8, row 0)
(1)   67/    11E2 : 0000 1110           	dc.l	$00001110
(1)   68/    11E6 : 0001 1100           	dc.l	$00011100
(1)   69/    11EA : 0001 1000           	dc.l	$00011000
(1)   70/    11EE : 0001 1000           	dc.l	$00011000
(1)   71/    11F2 : 0001 1100           	dc.l	$00011100
(1)   72/    11F6 : 0000 1110           	dc.l	$00001110
(1)   73/    11FA : 0000 0000           	dc.l	$00000000
(1)   74/    11FE : 0000 0000           	dc.l	$00000000	;	Tile (col 9, row 0)
(1)   75/    1202 : 0111 0000           	dc.l	$01110000
(1)   76/    1206 : 0011 1000           	dc.l	$00111000
(1)   77/    120A : 0001 1000           	dc.l	$00011000
(1)   78/    120E : 0001 1000           	dc.l	$00011000
(1)   79/    1212 : 0011 1000           	dc.l	$00111000
(1)   80/    1216 : 0111 0000           	dc.l	$01110000
(1)   81/    121A : 0000 0000           	dc.l	$00000000
(1)   82/    121E : 0000 0000           	dc.l	$00000000	;	Tile (col 00, row 0)
(1)   83/    1222 : 0110 0110           	dc.l	$01100110
(1)   84/    1226 : 0011 1100           	dc.l	$00111100
(1)   85/    122A : 1111 1111           	dc.l	$11111111
(1)   86/    122E : 0011 1100           	dc.l	$00111100
(1)   87/    1232 : 0110 0110           	dc.l	$01100110
(1)   88/    1236 : 0000 0000           	dc.l	$00000000
(1)   89/    123A : 0000 0000           	dc.l	$00000000
(1)   90/    123E : 0000 0000           	dc.l	$00000000	;	Tile (col 00, row 0)
(1)   91/    1242 : 0001 1000           	dc.l	$00011000
(1)   92/    1246 : 0001 1000           	dc.l	$00011000
(1)   93/    124A : 0111 1110           	dc.l	$01111110
(1)   94/    124E : 0001 1000           	dc.l	$00011000
(1)   95/    1252 : 0001 1000           	dc.l	$00011000
(1)   96/    1256 : 0000 0000           	dc.l	$00000000
(1)   97/    125A : 0000 0000           	dc.l	$00000000
(1)   98/    125E : 0000 0000           	dc.l	$00000000	;	Tile (col 01, row 0)
(1)   99/    1262 : 0000 0000           	dc.l	$00000000
(1)  100/    1266 : 0000 0000           	dc.l	$00000000
(1)  101/    126A : 0000 0000           	dc.l	$00000000
(1)  102/    126E : 0000 0000           	dc.l	$00000000
(1)  103/    1272 : 0001 1000           	dc.l	$00011000
(1)  104/    1276 : 0001 1000           	dc.l	$00011000
(1)  105/    127A : 0011 0000           	dc.l	$00110000
(1)  106/    127E : 0000 0000           	dc.l	$00000000	;	Tile (col 01, row 0)
(1)  107/    1282 : 0000 0000           	dc.l	$00000000
(1)  108/    1286 : 0000 0000           	dc.l	$00000000
(1)  109/    128A : 0111 1110           	dc.l	$01111110
(1)  110/    128E : 0000 0000           	dc.l	$00000000
(1)  111/    1292 : 0000 0000           	dc.l	$00000000
(1)  112/    1296 : 0000 0000           	dc.l	$00000000
(1)  113/    129A : 0000 0000           	dc.l	$00000000
(1)  114/    129E : 0000 0000           	dc.l	$00000000	;	Tile (col 04, row 0)
(1)  115/    12A2 : 0000 0000           	dc.l	$00000000
(1)  116/    12A6 : 0000 0000           	dc.l	$00000000
(1)  117/    12AA : 0000 0000           	dc.l	$00000000
(1)  118/    12AE : 0000 0000           	dc.l	$00000000
(1)  119/    12B2 : 0001 1000           	dc.l	$00011000
(1)  120/    12B6 : 0001 1000           	dc.l	$00011000
(1)  121/    12BA : 0000 0000           	dc.l	$00000000
(1)  122/    12BE : 0000 0000           	dc.l	$00000000	;	Tile (col 05, row 0)
(1)  123/    12C2 : 0000 0110           	dc.l	$00000110
(1)  124/    12C6 : 0000 1100           	dc.l	$00001100
(1)  125/    12CA : 0001 1000           	dc.l	$00011000
(1)  126/    12CE : 0011 0000           	dc.l	$00110000
(1)  127/    12D2 : 0110 0000           	dc.l	$01100000
(1)  128/    12D6 : 0100 0000           	dc.l	$01000000
(1)  129/    12DA : 0000 0000           	dc.l	$00000000
(1)  130/    12DE : 0000 0000           	dc.l	$00000000	;	Tile (col 0, row 0)
(1)  131/    12E2 : 0011 1100           	dc.l	$00111100
(1)  132/    12E6 : 0110 0110           	dc.l	$01100110
(1)  133/    12EA : 0110 1110           	dc.l	$01101110
(1)  134/    12EE : 0111 0110           	dc.l	$01110110
(1)  135/    12F2 : 0110 0110           	dc.l	$01100110
(1)  136/    12F6 : 0011 1100           	dc.l	$00111100
(1)  137/    12FA : 0000 0000           	dc.l	$00000000
(1)  138/    12FE : 0000 0000           	dc.l	$00000000	;	Tile (col 0, row 0)
(1)  139/    1302 : 0001 1000           	dc.l	$00011000
(1)  140/    1306 : 0011 1000           	dc.l	$00111000
(1)  141/    130A : 0001 1000           	dc.l	$00011000
(1)  142/    130E : 0001 1000           	dc.l	$00011000
(1)  143/    1312 : 0001 1000           	dc.l	$00011000
(1)  144/    1316 : 0111 1110           	dc.l	$01111110
(1)  145/    131A : 0000 0000           	dc.l	$00000000
(1)  146/    131E : 0000 0000           	dc.l	$00000000	;	Tile (col 1, row 0)
(1)  147/    1322 : 0011 1100           	dc.l	$00111100
(1)  148/    1326 : 0110 0110           	dc.l	$01100110
(1)  149/    132A : 0000 1100           	dc.l	$00001100
(1)  150/    132E : 0001 1000           	dc.l	$00011000
(1)  151/    1332 : 0011 0000           	dc.l	$00110000
(1)  152/    1336 : 0111 1110           	dc.l	$01111110
(1)  153/    133A : 0000 0000           	dc.l	$00000000
(1)  154/    133E : 0000 0000           	dc.l	$00000000	;	Tile (col 1, row 0)
(1)  155/    1342 : 0111 1110           	dc.l	$01111110
(1)  156/    1346 : 0000 1100           	dc.l	$00001100
(1)  157/    134A : 0001 1000           	dc.l	$00011000
(1)  158/    134E : 0000 1100           	dc.l	$00001100
(1)  159/    1352 : 0110 0110           	dc.l	$01100110
(1)  160/    1356 : 0011 1100           	dc.l	$00111100
(1)  161/    135A : 0000 0000           	dc.l	$00000000
(1)  162/    135E : 0000 0000           	dc.l	$00000000	;	Tile (col 4, row 0)
(1)  163/    1362 : 0000 1100           	dc.l	$00001100
(1)  164/    1366 : 0001 1100           	dc.l	$00011100
(1)  165/    136A : 0011 1100           	dc.l	$00111100
(1)  166/    136E : 0110 1100           	dc.l	$01101100
(1)  167/    1372 : 0111 1110           	dc.l	$01111110
(1)  168/    1376 : 0000 1100           	dc.l	$00001100
(1)  169/    137A : 0000 0000           	dc.l	$00000000
(1)  170/    137E : 0000 0000           	dc.l	$00000000	;	Tile (col 5, row 0)
(1)  171/    1382 : 0111 1110           	dc.l	$01111110
(1)  172/    1386 : 0110 0000           	dc.l	$01100000
(1)  173/    138A : 0111 1100           	dc.l	$01111100
(1)  174/    138E : 0000 0110           	dc.l	$00000110
(1)  175/    1392 : 0110 0110           	dc.l	$01100110
(1)  176/    1396 : 0011 1100           	dc.l	$00111100
(1)  177/    139A : 0000 0000           	dc.l	$00000000
(1)  178/    139E : 0000 0000           	dc.l	$00000000	;	Tile (col 6, row 0)
(1)  179/    13A2 : 0011 1100           	dc.l	$00111100
(1)  180/    13A6 : 0110 0000           	dc.l	$01100000
(1)  181/    13AA : 0111 1100           	dc.l	$01111100
(1)  182/    13AE : 0110 0110           	dc.l	$01100110
(1)  183/    13B2 : 0110 0110           	dc.l	$01100110
(1)  184/    13B6 : 0011 1100           	dc.l	$00111100
(1)  185/    13BA : 0000 0000           	dc.l	$00000000
(1)  186/    13BE : 0000 0000           	dc.l	$00000000	;	Tile (col 7, row 0)
(1)  187/    13C2 : 0111 1110           	dc.l	$01111110
(1)  188/    13C6 : 0000 0110           	dc.l	$00000110
(1)  189/    13CA : 0000 1100           	dc.l	$00001100
(1)  190/    13CE : 0001 1000           	dc.l	$00011000
(1)  191/    13D2 : 0011 0000           	dc.l	$00110000
(1)  192/    13D6 : 0011 0000           	dc.l	$00110000
(1)  193/    13DA : 0000 0000           	dc.l	$00000000
(1)  194/    13DE : 0000 0000           	dc.l	$00000000	;	Tile (col 8, row 0)
(1)  195/    13E2 : 0011 1100           	dc.l	$00111100
(1)  196/    13E6 : 0110 0110           	dc.l	$01100110
(1)  197/    13EA : 0011 1100           	dc.l	$00111100
(1)  198/    13EE : 0110 0110           	dc.l	$01100110
(1)  199/    13F2 : 0110 0110           	dc.l	$01100110
(1)  200/    13F6 : 0011 1100           	dc.l	$00111100
(1)  201/    13FA : 0000 0000           	dc.l	$00000000
(1)  202/    13FE : 0000 0000           	dc.l	$00000000	;	Tile (col 9, row 0)
(1)  203/    1402 : 0011 1100           	dc.l	$00111100
(1)  204/    1406 : 0110 0110           	dc.l	$01100110
(1)  205/    140A : 0011 1110           	dc.l	$00111110
(1)  206/    140E : 0000 0110           	dc.l	$00000110
(1)  207/    1412 : 0000 1100           	dc.l	$00001100
(1)  208/    1416 : 0011 1000           	dc.l	$00111000
(1)  209/    141A : 0000 0000           	dc.l	$00000000
(1)  210/    141E : 0000 0000           	dc.l	$00000000	;	Tile (col 00, row 0)
(1)  211/    1422 : 0000 0000           	dc.l	$00000000
(1)  212/    1426 : 0001 1000           	dc.l	$00011000
(1)  213/    142A : 0001 1000           	dc.l	$00011000
(1)  214/    142E : 0000 0000           	dc.l	$00000000
(1)  215/    1432 : 0001 1000           	dc.l	$00011000
(1)  216/    1436 : 0001 1000           	dc.l	$00011000
(1)  217/    143A : 0000 0000           	dc.l	$00000000
(1)  218/    143E : 0000 0000           	dc.l	$00000000	;	Tile (col 00, row 0)
(1)  219/    1442 : 0000 0000           	dc.l	$00000000
(1)  220/    1446 : 0001 1000           	dc.l	$00011000
(1)  221/    144A : 0001 1000           	dc.l	$00011000
(1)  222/    144E : 0000 0000           	dc.l	$00000000
(1)  223/    1452 : 0001 1000           	dc.l	$00011000
(1)  224/    1456 : 0001 1000           	dc.l	$00011000
(1)  225/    145A : 0011 0000           	dc.l	$00110000
(1)  226/    145E : 0000 0110           	dc.l	$00000110	;	Tile (col 01, row 0)
(1)  227/    1462 : 0000 1100           	dc.l	$00001100
(1)  228/    1466 : 0001 1000           	dc.l	$00011000
(1)  229/    146A : 0011 0000           	dc.l	$00110000
(1)  230/    146E : 0001 1000           	dc.l	$00011000
(1)  231/    1472 : 0000 1100           	dc.l	$00001100
(1)  232/    1476 : 0000 0110           	dc.l	$00000110
(1)  233/    147A : 0000 0000           	dc.l	$00000000
(1)  234/    147E : 0000 0000           	dc.l	$00000000	;	Tile (col 01, row 0)
(1)  235/    1482 : 0000 0000           	dc.l	$00000000
(1)  236/    1486 : 0111 1110           	dc.l	$01111110
(1)  237/    148A : 0000 0000           	dc.l	$00000000
(1)  238/    148E : 0000 0000           	dc.l	$00000000
(1)  239/    1492 : 0111 1110           	dc.l	$01111110
(1)  240/    1496 : 0000 0000           	dc.l	$00000000
(1)  241/    149A : 0000 0000           	dc.l	$00000000
(1)  242/    149E : 0110 0000           	dc.l	$01100000	;	Tile (col 04, row 0)
(1)  243/    14A2 : 0011 0000           	dc.l	$00110000
(1)  244/    14A6 : 0001 1000           	dc.l	$00011000
(1)  245/    14AA : 0000 1100           	dc.l	$00001100
(1)  246/    14AE : 0001 1000           	dc.l	$00011000
(1)  247/    14B2 : 0011 0000           	dc.l	$00110000
(1)  248/    14B6 : 0110 0000           	dc.l	$01100000
(1)  249/    14BA : 0000 0000           	dc.l	$00000000
(1)  250/    14BE : 0000 0000           	dc.l	$00000000	;	Tile (col 05, row 0)
(1)  251/    14C2 : 0011 1100           	dc.l	$00111100
(1)  252/    14C6 : 0110 0110           	dc.l	$01100110
(1)  253/    14CA : 0000 1100           	dc.l	$00001100
(1)  254/    14CE : 0001 1000           	dc.l	$00011000
(1)  255/    14D2 : 0000 0000           	dc.l	$00000000
(1)  256/    14D6 : 0001 1000           	dc.l	$00011000
(1)  257/    14DA : 0000 0000           	dc.l	$00000000
(1)  258/    14DE : 0000 0000           	dc.l	$00000000	;	Tile (col 0, row 1)
(1)  259/    14E2 : 0011 1100           	dc.l	$00111100
(1)  260/    14E6 : 0110 0110           	dc.l	$01100110
(1)  261/    14EA : 0110 1110           	dc.l	$01101110
(1)  262/    14EE : 0110 1110           	dc.l	$01101110
(1)  263/    14F2 : 0110 0000           	dc.l	$01100000
(1)  264/    14F6 : 0011 1110           	dc.l	$00111110
(1)  265/    14FA : 0000 0000           	dc.l	$00000000
(1)  266/    14FE : 0000 0000           	dc.l	$00000000	;	Tile (col 0, row 1)
(1)  267/    1502 : 0001 1000           	dc.l	$00011000
(1)  268/    1506 : 0011 1100           	dc.l	$00111100
(1)  269/    150A : 0110 0110           	dc.l	$01100110
(1)  270/    150E : 0110 0110           	dc.l	$01100110
(1)  271/    1512 : 0111 1110           	dc.l	$01111110
(1)  272/    1516 : 0110 0110           	dc.l	$01100110
(1)  273/    151A : 0000 0000           	dc.l	$00000000
(1)  274/    151E : 0000 0000           	dc.l	$00000000	;	Tile (col 1, row 1)
(1)  275/    1522 : 0111 1100           	dc.l	$01111100
(1)  276/    1526 : 0110 0110           	dc.l	$01100110
(1)  277/    152A : 0111 1100           	dc.l	$01111100
(1)  278/    152E : 0110 0110           	dc.l	$01100110
(1)  279/    1532 : 0110 0110           	dc.l	$01100110
(1)  280/    1536 : 0111 1100           	dc.l	$01111100
(1)  281/    153A : 0000 0000           	dc.l	$00000000
(1)  282/    153E : 0000 0000           	dc.l	$00000000	;	Tile (col 1, row 1)
(1)  283/    1542 : 0011 1100           	dc.l	$00111100
(1)  284/    1546 : 0110 0110           	dc.l	$01100110
(1)  285/    154A : 0110 0000           	dc.l	$01100000
(1)  286/    154E : 0110 0000           	dc.l	$01100000
(1)  287/    1552 : 0110 0110           	dc.l	$01100110
(1)  288/    1556 : 0011 1100           	dc.l	$00111100
(1)  289/    155A : 0000 0000           	dc.l	$00000000
(1)  290/    155E : 0000 0000           	dc.l	$00000000	;	Tile (col 4, row 1)
(1)  291/    1562 : 0111 1000           	dc.l	$01111000
(1)  292/    1566 : 0110 1100           	dc.l	$01101100
(1)  293/    156A : 0110 0110           	dc.l	$01100110
(1)  294/    156E : 0110 0110           	dc.l	$01100110
(1)  295/    1572 : 0110 1100           	dc.l	$01101100
(1)  296/    1576 : 0111 1000           	dc.l	$01111000
(1)  297/    157A : 0000 0000           	dc.l	$00000000
(1)  298/    157E : 0000 0000           	dc.l	$00000000	;	Tile (col 5, row 1)
(1)  299/    1582 : 0111 1110           	dc.l	$01111110
(1)  300/    1586 : 0110 0000           	dc.l	$01100000
(1)  301/    158A : 0111 1100           	dc.l	$01111100
(1)  302/    158E : 0110 0000           	dc.l	$01100000
(1)  303/    1592 : 0110 0000           	dc.l	$01100000
(1)  304/    1596 : 0111 1110           	dc.l	$01111110
(1)  305/    159A : 0000 0000           	dc.l	$00000000
(1)  306/    159E : 0000 0000           	dc.l	$00000000	;	Tile (col 6, row 1)
(1)  307/    15A2 : 0111 1110           	dc.l	$01111110
(1)  308/    15A6 : 0110 0000           	dc.l	$01100000
(1)  309/    15AA : 0111 1100           	dc.l	$01111100
(1)  310/    15AE : 0110 0000           	dc.l	$01100000
(1)  311/    15B2 : 0110 0000           	dc.l	$01100000
(1)  312/    15B6 : 0110 0000           	dc.l	$01100000
(1)  313/    15BA : 0000 0000           	dc.l	$00000000
(1)  314/    15BE : 0000 0000           	dc.l	$00000000	;	Tile (col 7, row 1)
(1)  315/    15C2 : 0011 1110           	dc.l	$00111110
(1)  316/    15C6 : 0110 0000           	dc.l	$01100000
(1)  317/    15CA : 0110 0000           	dc.l	$01100000
(1)  318/    15CE : 0110 1110           	dc.l	$01101110
(1)  319/    15D2 : 0110 0110           	dc.l	$01100110
(1)  320/    15D6 : 0011 1110           	dc.l	$00111110
(1)  321/    15DA : 0000 0000           	dc.l	$00000000
(1)  322/    15DE : 0000 0000           	dc.l	$00000000	;	Tile (col 8, row 1)
(1)  323/    15E2 : 0110 0110           	dc.l	$01100110
(1)  324/    15E6 : 0110 0110           	dc.l	$01100110
(1)  325/    15EA : 0111 1110           	dc.l	$01111110
(1)  326/    15EE : 0110 0110           	dc.l	$01100110
(1)  327/    15F2 : 0110 0110           	dc.l	$01100110
(1)  328/    15F6 : 0110 0110           	dc.l	$01100110
(1)  329/    15FA : 0000 0000           	dc.l	$00000000
(1)  330/    15FE : 0000 0000           	dc.l	$00000000	;	Tile (col 9, row 1)
(1)  331/    1602 : 0111 1110           	dc.l	$01111110
(1)  332/    1606 : 0001 1000           	dc.l	$00011000
(1)  333/    160A : 0001 1000           	dc.l	$00011000
(1)  334/    160E : 0001 1000           	dc.l	$00011000
(1)  335/    1612 : 0001 1000           	dc.l	$00011000
(1)  336/    1616 : 0111 1110           	dc.l	$01111110
(1)  337/    161A : 0000 0000           	dc.l	$00000000
(1)  338/    161E : 0000 0000           	dc.l	$00000000	;	Tile (col 00, row 1)
(1)  339/    1622 : 0000 0110           	dc.l	$00000110
(1)  340/    1626 : 0000 0110           	dc.l	$00000110
(1)  341/    162A : 0000 0110           	dc.l	$00000110
(1)  342/    162E : 0000 0110           	dc.l	$00000110
(1)  343/    1632 : 0110 0110           	dc.l	$01100110
(1)  344/    1636 : 0011 1100           	dc.l	$00111100
(1)  345/    163A : 0000 0000           	dc.l	$00000000
(1)  346/    163E : 0000 0000           	dc.l	$00000000	;	Tile (col 00, row 1)
(1)  347/    1642 : 0110 0110           	dc.l	$01100110
(1)  348/    1646 : 0110 1100           	dc.l	$01101100
(1)  349/    164A : 0111 1000           	dc.l	$01111000
(1)  350/    164E : 0111 1000           	dc.l	$01111000
(1)  351/    1652 : 0110 1100           	dc.l	$01101100
(1)  352/    1656 : 0110 0110           	dc.l	$01100110
(1)  353/    165A : 0000 0000           	dc.l	$00000000
(1)  354/    165E : 0000 0000           	dc.l	$00000000	;	Tile (col 01, row 1)
(1)  355/    1662 : 0110 0000           	dc.l	$01100000
(1)  356/    1666 : 0110 0000           	dc.l	$01100000
(1)  357/    166A : 0110 0000           	dc.l	$01100000
(1)  358/    166E : 0110 0000           	dc.l	$01100000
(1)  359/    1672 : 0110 0000           	dc.l	$01100000
(1)  360/    1676 : 0111 1110           	dc.l	$01111110
(1)  361/    167A : 0000 0000           	dc.l	$00000000
(1)  362/    167E : 0000 0000           	dc.l	$00000000	;	Tile (col 01, row 1)
(1)  363/    1682 : 0110 0011           	dc.l	$01100011
(1)  364/    1686 : 0111 0111           	dc.l	$01110111
(1)  365/    168A : 0111 1111           	dc.l	$01111111
(1)  366/    168E : 0110 1011           	dc.l	$01101011
(1)  367/    1692 : 0110 0011           	dc.l	$01100011
(1)  368/    1696 : 0110 0011           	dc.l	$01100011
(1)  369/    169A : 0000 0000           	dc.l	$00000000
(1)  370/    169E : 0000 0000           	dc.l	$00000000	;	Tile (col 04, row 1)
(1)  371/    16A2 : 0110 0110           	dc.l	$01100110
(1)  372/    16A6 : 0111 0110           	dc.l	$01110110
(1)  373/    16AA : 0111 1110           	dc.l	$01111110
(1)  374/    16AE : 0111 1110           	dc.l	$01111110
(1)  375/    16B2 : 0110 1110           	dc.l	$01101110
(1)  376/    16B6 : 0110 0110           	dc.l	$01100110
(1)  377/    16BA : 0000 0000           	dc.l	$00000000
(1)  378/    16BE : 0000 0000           	dc.l	$00000000	;	Tile (col 05, row 1)
(1)  379/    16C2 : 0011 1100           	dc.l	$00111100
(1)  380/    16C6 : 0110 0110           	dc.l	$01100110
(1)  381/    16CA : 0110 0110           	dc.l	$01100110
(1)  382/    16CE : 0110 0110           	dc.l	$01100110
(1)  383/    16D2 : 0110 0110           	dc.l	$01100110
(1)  384/    16D6 : 0011 1100           	dc.l	$00111100
(1)  385/    16DA : 0000 0000           	dc.l	$00000000
(1)  386/    16DE : 0000 0000           	dc.l	$00000000	;	Tile (col 0, row 1)
(1)  387/    16E2 : 0111 1100           	dc.l	$01111100
(1)  388/    16E6 : 0110 0110           	dc.l	$01100110
(1)  389/    16EA : 0110 0110           	dc.l	$01100110
(1)  390/    16EE : 0111 1100           	dc.l	$01111100
(1)  391/    16F2 : 0110 0000           	dc.l	$01100000
(1)  392/    16F6 : 0110 0000           	dc.l	$01100000
(1)  393/    16FA : 0000 0000           	dc.l	$00000000
(1)  394/    16FE : 0000 0000           	dc.l	$00000000	;	Tile (col 0, row 1)
(1)  395/    1702 : 0011 1100           	dc.l	$00111100
(1)  396/    1706 : 0110 0110           	dc.l	$01100110
(1)  397/    170A : 0110 0110           	dc.l	$01100110
(1)  398/    170E : 0110 0110           	dc.l	$01100110
(1)  399/    1712 : 0110 1100           	dc.l	$01101100
(1)  400/    1716 : 0011 0110           	dc.l	$00110110
(1)  401/    171A : 0000 0000           	dc.l	$00000000
(1)  402/    171E : 0000 0000           	dc.l	$00000000	;	Tile (col 1, row 1)
(1)  403/    1722 : 0111 1100           	dc.l	$01111100
(1)  404/    1726 : 0110 0110           	dc.l	$01100110
(1)  405/    172A : 0110 0110           	dc.l	$01100110
(1)  406/    172E : 0111 1100           	dc.l	$01111100
(1)  407/    1732 : 0110 1100           	dc.l	$01101100
(1)  408/    1736 : 0110 0110           	dc.l	$01100110
(1)  409/    173A : 0000 0000           	dc.l	$00000000
(1)  410/    173E : 0000 0000           	dc.l	$00000000	;	Tile (col 1, row 1)
(1)  411/    1742 : 0011 1100           	dc.l	$00111100
(1)  412/    1746 : 0110 0000           	dc.l	$01100000
(1)  413/    174A : 0011 1100           	dc.l	$00111100
(1)  414/    174E : 0000 0110           	dc.l	$00000110
(1)  415/    1752 : 0000 0110           	dc.l	$00000110
(1)  416/    1756 : 0011 1100           	dc.l	$00111100
(1)  417/    175A : 0000 0000           	dc.l	$00000000
(1)  418/    175E : 0000 0000           	dc.l	$00000000	;	Tile (col 4, row 1)
(1)  419/    1762 : 0111 1110           	dc.l	$01111110
(1)  420/    1766 : 0001 1000           	dc.l	$00011000
(1)  421/    176A : 0001 1000           	dc.l	$00011000
(1)  422/    176E : 0001 1000           	dc.l	$00011000
(1)  423/    1772 : 0001 1000           	dc.l	$00011000
(1)  424/    1776 : 0001 1000           	dc.l	$00011000
(1)  425/    177A : 0000 0000           	dc.l	$00000000
(1)  426/    177E : 0000 0000           	dc.l	$00000000	;	Tile (col 5, row 1)
(1)  427/    1782 : 0110 0110           	dc.l	$01100110
(1)  428/    1786 : 0110 0110           	dc.l	$01100110
(1)  429/    178A : 0110 0110           	dc.l	$01100110
(1)  430/    178E : 0110 0110           	dc.l	$01100110
(1)  431/    1792 : 0110 0110           	dc.l	$01100110
(1)  432/    1796 : 0111 1110           	dc.l	$01111110
(1)  433/    179A : 0000 0000           	dc.l	$00000000
(1)  434/    179E : 0000 0000           	dc.l	$00000000	;	Tile (col 6, row 1)
(1)  435/    17A2 : 0110 0110           	dc.l	$01100110
(1)  436/    17A6 : 0110 0110           	dc.l	$01100110
(1)  437/    17AA : 0110 0110           	dc.l	$01100110
(1)  438/    17AE : 0110 0110           	dc.l	$01100110
(1)  439/    17B2 : 0011 1100           	dc.l	$00111100
(1)  440/    17B6 : 0001 1000           	dc.l	$00011000
(1)  441/    17BA : 0000 0000           	dc.l	$00000000
(1)  442/    17BE : 0000 0000           	dc.l	$00000000	;	Tile (col 7, row 1)
(1)  443/    17C2 : 0110 0011           	dc.l	$01100011
(1)  444/    17C6 : 0110 0011           	dc.l	$01100011
(1)  445/    17CA : 0110 1011           	dc.l	$01101011
(1)  446/    17CE : 0111 1111           	dc.l	$01111111
(1)  447/    17D2 : 0111 0111           	dc.l	$01110111
(1)  448/    17D6 : 0110 0011           	dc.l	$01100011
(1)  449/    17DA : 0000 0000           	dc.l	$00000000
(1)  450/    17DE : 0000 0000           	dc.l	$00000000	;	Tile (col 8, row 1)
(1)  451/    17E2 : 0110 0110           	dc.l	$01100110
(1)  452/    17E6 : 0110 0110           	dc.l	$01100110
(1)  453/    17EA : 0011 1100           	dc.l	$00111100
(1)  454/    17EE : 0011 1100           	dc.l	$00111100
(1)  455/    17F2 : 0110 0110           	dc.l	$01100110
(1)  456/    17F6 : 0110 0110           	dc.l	$01100110
(1)  457/    17FA : 0000 0000           	dc.l	$00000000
(1)  458/    17FE : 0000 0000           	dc.l	$00000000	;	Tile (col 9, row 1)
(1)  459/    1802 : 0110 0110           	dc.l	$01100110
(1)  460/    1806 : 0110 0110           	dc.l	$01100110
(1)  461/    180A : 0011 1100           	dc.l	$00111100
(1)  462/    180E : 0001 1000           	dc.l	$00011000
(1)  463/    1812 : 0001 1000           	dc.l	$00011000
(1)  464/    1816 : 0001 1000           	dc.l	$00011000
(1)  465/    181A : 0000 0000           	dc.l	$00000000
(1)  466/    181E : 0000 0000           	dc.l	$00000000	;	Tile (col 00, row 1)
(1)  467/    1822 : 0111 1110           	dc.l	$01111110
(1)  468/    1826 : 0000 1100           	dc.l	$00001100
(1)  469/    182A : 0001 1000           	dc.l	$00011000
(1)  470/    182E : 0011 0000           	dc.l	$00110000
(1)  471/    1832 : 0110 0000           	dc.l	$01100000
(1)  472/    1836 : 0111 1110           	dc.l	$01111110
(1)  473/    183A : 0000 0000           	dc.l	$00000000
(1)  474/    183E : 0000 0000           	dc.l	$00000000	;	Tile (col 00, row 1)
(1)  475/    1842 : 0001 1110           	dc.l	$00011110
(1)  476/    1846 : 0001 1000           	dc.l	$00011000
(1)  477/    184A : 0001 1000           	dc.l	$00011000
(1)  478/    184E : 0001 1000           	dc.l	$00011000
(1)  479/    1852 : 0001 1000           	dc.l	$00011000
(1)  480/    1856 : 0001 1110           	dc.l	$00011110
(1)  481/    185A : 0000 0000           	dc.l	$00000000
(1)  482/    185E : 0000 0000           	dc.l	$00000000	;	Tile (col 01, row 1)
(1)  483/    1862 : 0100 0000           	dc.l	$01000000
(1)  484/    1866 : 0110 0000           	dc.l	$01100000
(1)  485/    186A : 0011 0000           	dc.l	$00110000
(1)  486/    186E : 0001 1000           	dc.l	$00011000
(1)  487/    1872 : 0000 1100           	dc.l	$00001100
(1)  488/    1876 : 0000 0110           	dc.l	$00000110
(1)  489/    187A : 0000 0000           	dc.l	$00000000
(1)  490/    187E : 0000 0000           	dc.l	$00000000	;	Tile (col 01, row 1)
(1)  491/    1882 : 0111 1000           	dc.l	$01111000
(1)  492/    1886 : 0001 1000           	dc.l	$00011000
(1)  493/    188A : 0001 1000           	dc.l	$00011000
(1)  494/    188E : 0001 1000           	dc.l	$00011000
(1)  495/    1892 : 0001 1000           	dc.l	$00011000
(1)  496/    1896 : 0111 1000           	dc.l	$01111000
(1)  497/    189A : 0000 0000           	dc.l	$00000000
(1)  498/    189E : 0000 0000           	dc.l	$00000000	;	Tile (col 04, row 1)
(1)  499/    18A2 : 0000 1000           	dc.l	$00001000
(1)  500/    18A6 : 0001 1100           	dc.l	$00011100
(1)  501/    18AA : 0011 0110           	dc.l	$00110110
(1)  502/    18AE : 0110 0011           	dc.l	$01100011
(1)  503/    18B2 : 0000 0000           	dc.l	$00000000
(1)  504/    18B6 : 0000 0000           	dc.l	$00000000
(1)  505/    18BA : 0000 0000           	dc.l	$00000000
(1)  506/    18BE : 0000 0000           	dc.l	$00000000	;	Tile (col 05, row 1)
(1)  507/    18C2 : 0000 0000           	dc.l	$00000000
(1)  508/    18C6 : 0000 0000           	dc.l	$00000000
(1)  509/    18CA : 0000 0000           	dc.l	$00000000
(1)  510/    18CE : 0000 0000           	dc.l	$00000000
(1)  511/    18D2 : 0000 0000           	dc.l	$00000000
(1)  512/    18D6 : 1111 1111           	dc.l	$11111111
(1)  513/    18DA : 0000 0000           	dc.l	$00000000
(1)  514/    18DE : 0000 0000           	dc.l	$00000000	;	Tile (col 0, row 4)
(1)  515/    18E2 : 0001 1000           	dc.l	$00011000
(1)  516/    18E6 : 0011 1100           	dc.l	$00111100
(1)  517/    18EA : 0111 1110           	dc.l	$01111110
(1)  518/    18EE : 0111 1110           	dc.l	$01111110
(1)  519/    18F2 : 0011 1100           	dc.l	$00111100
(1)  520/    18F6 : 0001 1000           	dc.l	$00011000
(1)  521/    18FA : 0000 0000           	dc.l	$00000000
(1)  522/    18FE : 0000 0000           	dc.l	$00000000	;	Tile (col 0, row 4)
(1)  523/    1902 : 0000 0000           	dc.l	$00000000
(1)  524/    1906 : 0011 1100           	dc.l	$00111100
(1)  525/    190A : 0000 0110           	dc.l	$00000110
(1)  526/    190E : 0011 1110           	dc.l	$00111110
(1)  527/    1912 : 0110 0110           	dc.l	$01100110
(1)  528/    1916 : 0011 1110           	dc.l	$00111110
(1)  529/    191A : 0000 0000           	dc.l	$00000000
(1)  530/    191E : 0000 0000           	dc.l	$00000000	;	Tile (col 1, row 4)
(1)  531/    1922 : 0110 0000           	dc.l	$01100000
(1)  532/    1926 : 0110 0000           	dc.l	$01100000
(1)  533/    192A : 0111 1100           	dc.l	$01111100
(1)  534/    192E : 0110 0110           	dc.l	$01100110
(1)  535/    1932 : 0110 0110           	dc.l	$01100110
(1)  536/    1936 : 0111 1100           	dc.l	$01111100
(1)  537/    193A : 0000 0000           	dc.l	$00000000
(1)  538/    193E : 0000 0000           	dc.l	$00000000	;	Tile (col 1, row 4)
(1)  539/    1942 : 0000 0000           	dc.l	$00000000
(1)  540/    1946 : 0011 1100           	dc.l	$00111100
(1)  541/    194A : 0110 0000           	dc.l	$01100000
(1)  542/    194E : 0110 0000           	dc.l	$01100000
(1)  543/    1952 : 0110 0000           	dc.l	$01100000
(1)  544/    1956 : 0011 1100           	dc.l	$00111100
(1)  545/    195A : 0000 0000           	dc.l	$00000000
(1)  546/    195E : 0000 0000           	dc.l	$00000000	;	Tile (col 4, row 4)
(1)  547/    1962 : 0000 0110           	dc.l	$00000110
(1)  548/    1966 : 0000 0110           	dc.l	$00000110
(1)  549/    196A : 0011 1110           	dc.l	$00111110
(1)  550/    196E : 0110 0110           	dc.l	$01100110
(1)  551/    1972 : 0110 0110           	dc.l	$01100110
(1)  552/    1976 : 0011 1110           	dc.l	$00111110
(1)  553/    197A : 0000 0000           	dc.l	$00000000
(1)  554/    197E : 0000 0000           	dc.l	$00000000	;	Tile (col 5, row 4)
(1)  555/    1982 : 0000 0000           	dc.l	$00000000
(1)  556/    1986 : 0011 1100           	dc.l	$00111100
(1)  557/    198A : 0110 0110           	dc.l	$01100110
(1)  558/    198E : 0111 1110           	dc.l	$01111110
(1)  559/    1992 : 0110 0000           	dc.l	$01100000
(1)  560/    1996 : 0011 1100           	dc.l	$00111100
(1)  561/    199A : 0000 0000           	dc.l	$00000000
(1)  562/    199E : 0000 0000           	dc.l	$00000000	;	Tile (col 6, row 4)
(1)  563/    19A2 : 0000 1110           	dc.l	$00001110
(1)  564/    19A6 : 0001 1000           	dc.l	$00011000
(1)  565/    19AA : 0011 1110           	dc.l	$00111110
(1)  566/    19AE : 0001 1000           	dc.l	$00011000
(1)  567/    19B2 : 0001 1000           	dc.l	$00011000
(1)  568/    19B6 : 0001 1000           	dc.l	$00011000
(1)  569/    19BA : 0000 0000           	dc.l	$00000000
(1)  570/    19BE : 0000 0000           	dc.l	$00000000	;	Tile (col 7, row 4)
(1)  571/    19C2 : 0000 0000           	dc.l	$00000000
(1)  572/    19C6 : 0011 1110           	dc.l	$00111110
(1)  573/    19CA : 0110 0110           	dc.l	$01100110
(1)  574/    19CE : 0110 0110           	dc.l	$01100110
(1)  575/    19D2 : 0011 1110           	dc.l	$00111110
(1)  576/    19D6 : 0000 0110           	dc.l	$00000110
(1)  577/    19DA : 0111 1100           	dc.l	$01111100
(1)  578/    19DE : 0000 0000           	dc.l	$00000000	;	Tile (col 8, row 4)
(1)  579/    19E2 : 0110 0000           	dc.l	$01100000
(1)  580/    19E6 : 0110 0000           	dc.l	$01100000
(1)  581/    19EA : 0111 1100           	dc.l	$01111100
(1)  582/    19EE : 0110 0110           	dc.l	$01100110
(1)  583/    19F2 : 0110 0110           	dc.l	$01100110
(1)  584/    19F6 : 0110 0110           	dc.l	$01100110
(1)  585/    19FA : 0000 0000           	dc.l	$00000000
(1)  586/    19FE : 0000 0000           	dc.l	$00000000	;	Tile (col 9, row 4)
(1)  587/    1A02 : 0001 1000           	dc.l	$00011000
(1)  588/    1A06 : 0000 0000           	dc.l	$00000000
(1)  589/    1A0A : 0011 1000           	dc.l	$00111000
(1)  590/    1A0E : 0001 1000           	dc.l	$00011000
(1)  591/    1A12 : 0001 1000           	dc.l	$00011000
(1)  592/    1A16 : 0011 1100           	dc.l	$00111100
(1)  593/    1A1A : 0000 0000           	dc.l	$00000000
(1)  594/    1A1E : 0000 0000           	dc.l	$00000000	;	Tile (col 00, row 4)
(1)  595/    1A22 : 0000 0110           	dc.l	$00000110
(1)  596/    1A26 : 0000 0000           	dc.l	$00000000
(1)  597/    1A2A : 0000 0110           	dc.l	$00000110
(1)  598/    1A2E : 0000 0110           	dc.l	$00000110
(1)  599/    1A32 : 0000 0110           	dc.l	$00000110
(1)  600/    1A36 : 0000 0110           	dc.l	$00000110
(1)  601/    1A3A : 0011 1100           	dc.l	$00111100
(1)  602/    1A3E : 0000 0000           	dc.l	$00000000	;	Tile (col 00, row 4)
(1)  603/    1A42 : 0110 0000           	dc.l	$01100000
(1)  604/    1A46 : 0110 0000           	dc.l	$01100000
(1)  605/    1A4A : 0110 1100           	dc.l	$01101100
(1)  606/    1A4E : 0111 1000           	dc.l	$01111000
(1)  607/    1A52 : 0110 1100           	dc.l	$01101100
(1)  608/    1A56 : 0110 0110           	dc.l	$01100110
(1)  609/    1A5A : 0000 0000           	dc.l	$00000000
(1)  610/    1A5E : 0000 0000           	dc.l	$00000000	;	Tile (col 01, row 4)
(1)  611/    1A62 : 0011 1000           	dc.l	$00111000
(1)  612/    1A66 : 0001 1000           	dc.l	$00011000
(1)  613/    1A6A : 0001 1000           	dc.l	$00011000
(1)  614/    1A6E : 0001 1000           	dc.l	$00011000
(1)  615/    1A72 : 0001 1000           	dc.l	$00011000
(1)  616/    1A76 : 0011 1100           	dc.l	$00111100
(1)  617/    1A7A : 0000 0000           	dc.l	$00000000
(1)  618/    1A7E : 0000 0000           	dc.l	$00000000	;	Tile (col 01, row 4)
(1)  619/    1A82 : 0000 0000           	dc.l	$00000000
(1)  620/    1A86 : 0110 0110           	dc.l	$01100110
(1)  621/    1A8A : 0111 1111           	dc.l	$01111111
(1)  622/    1A8E : 0111 1111           	dc.l	$01111111
(1)  623/    1A92 : 0110 1011           	dc.l	$01101011
(1)  624/    1A96 : 0110 0011           	dc.l	$01100011
(1)  625/    1A9A : 0000 0000           	dc.l	$00000000
(1)  626/    1A9E : 0000 0000           	dc.l	$00000000	;	Tile (col 04, row 4)
(1)  627/    1AA2 : 0000 0000           	dc.l	$00000000
(1)  628/    1AA6 : 0111 1100           	dc.l	$01111100
(1)  629/    1AAA : 0110 0110           	dc.l	$01100110
(1)  630/    1AAE : 0110 0110           	dc.l	$01100110
(1)  631/    1AB2 : 0110 0110           	dc.l	$01100110
(1)  632/    1AB6 : 0110 0110           	dc.l	$01100110
(1)  633/    1ABA : 0000 0000           	dc.l	$00000000
(1)  634/    1ABE : 0000 0000           	dc.l	$00000000	;	Tile (col 05, row 4)
(1)  635/    1AC2 : 0000 0000           	dc.l	$00000000
(1)  636/    1AC6 : 0011 1100           	dc.l	$00111100
(1)  637/    1ACA : 0110 0110           	dc.l	$01100110
(1)  638/    1ACE : 0110 0110           	dc.l	$01100110
(1)  639/    1AD2 : 0110 0110           	dc.l	$01100110
(1)  640/    1AD6 : 0011 1100           	dc.l	$00111100
(1)  641/    1ADA : 0000 0000           	dc.l	$00000000
(1)  642/    1ADE : 0000 0000           	dc.l	$00000000	;	Tile (col 0, row 5)
(1)  643/    1AE2 : 0000 0000           	dc.l	$00000000
(1)  644/    1AE6 : 0111 1100           	dc.l	$01111100
(1)  645/    1AEA : 0110 0110           	dc.l	$01100110
(1)  646/    1AEE : 0110 0110           	dc.l	$01100110
(1)  647/    1AF2 : 0111 1100           	dc.l	$01111100
(1)  648/    1AF6 : 0110 0000           	dc.l	$01100000
(1)  649/    1AFA : 0110 0000           	dc.l	$01100000
(1)  650/    1AFE : 0000 0000           	dc.l	$00000000	;	Tile (col 0, row 5)
(1)  651/    1B02 : 0000 0000           	dc.l	$00000000
(1)  652/    1B06 : 0011 1110           	dc.l	$00111110
(1)  653/    1B0A : 0110 0110           	dc.l	$01100110
(1)  654/    1B0E : 0110 0110           	dc.l	$01100110
(1)  655/    1B12 : 0011 1110           	dc.l	$00111110
(1)  656/    1B16 : 0000 0110           	dc.l	$00000110
(1)  657/    1B1A : 0000 0110           	dc.l	$00000110
(1)  658/    1B1E : 0000 0000           	dc.l	$00000000	;	Tile (col 1, row 5)
(1)  659/    1B22 : 0000 0000           	dc.l	$00000000
(1)  660/    1B26 : 0111 1100           	dc.l	$01111100
(1)  661/    1B2A : 0110 0110           	dc.l	$01100110
(1)  662/    1B2E : 0110 0000           	dc.l	$01100000
(1)  663/    1B32 : 0110 0000           	dc.l	$01100000
(1)  664/    1B36 : 0110 0000           	dc.l	$01100000
(1)  665/    1B3A : 0000 0000           	dc.l	$00000000
(1)  666/    1B3E : 0000 0000           	dc.l	$00000000	;	Tile (col 1, row 5)
(1)  667/    1B42 : 0000 0000           	dc.l	$00000000
(1)  668/    1B46 : 0011 1110           	dc.l	$00111110
(1)  669/    1B4A : 0110 0000           	dc.l	$01100000
(1)  670/    1B4E : 0011 1100           	dc.l	$00111100
(1)  671/    1B52 : 0000 0110           	dc.l	$00000110
(1)  672/    1B56 : 0111 1100           	dc.l	$01111100
(1)  673/    1B5A : 0000 0000           	dc.l	$00000000
(1)  674/    1B5E : 0000 0000           	dc.l	$00000000	;	Tile (col 4, row 5)
(1)  675/    1B62 : 0001 1000           	dc.l	$00011000
(1)  676/    1B66 : 0111 1110           	dc.l	$01111110
(1)  677/    1B6A : 0001 1000           	dc.l	$00011000
(1)  678/    1B6E : 0001 1000           	dc.l	$00011000
(1)  679/    1B72 : 0001 1000           	dc.l	$00011000
(1)  680/    1B76 : 0000 1110           	dc.l	$00001110
(1)  681/    1B7A : 0000 0000           	dc.l	$00000000
(1)  682/    1B7E : 0000 0000           	dc.l	$00000000	;	Tile (col 5, row 5)
(1)  683/    1B82 : 0000 0000           	dc.l	$00000000
(1)  684/    1B86 : 0110 0110           	dc.l	$01100110
(1)  685/    1B8A : 0110 0110           	dc.l	$01100110
(1)  686/    1B8E : 0110 0110           	dc.l	$01100110
(1)  687/    1B92 : 0110 0110           	dc.l	$01100110
(1)  688/    1B96 : 0011 1110           	dc.l	$00111110
(1)  689/    1B9A : 0000 0000           	dc.l	$00000000
(1)  690/    1B9E : 0000 0000           	dc.l	$00000000	;	Tile (col 6, row 5)
(1)  691/    1BA2 : 0000 0000           	dc.l	$00000000
(1)  692/    1BA6 : 0110 0110           	dc.l	$01100110
(1)  693/    1BAA : 0110 0110           	dc.l	$01100110
(1)  694/    1BAE : 0110 0110           	dc.l	$01100110
(1)  695/    1BB2 : 0011 1100           	dc.l	$00111100
(1)  696/    1BB6 : 0001 1000           	dc.l	$00011000
(1)  697/    1BBA : 0000 0000           	dc.l	$00000000
(1)  698/    1BBE : 0000 0000           	dc.l	$00000000	;	Tile (col 7, row 5)
(1)  699/    1BC2 : 0000 0000           	dc.l	$00000000
(1)  700/    1BC6 : 0110 0011           	dc.l	$01100011
(1)  701/    1BCA : 0110 1011           	dc.l	$01101011
(1)  702/    1BCE : 0111 1111           	dc.l	$01111111
(1)  703/    1BD2 : 0011 1110           	dc.l	$00111110
(1)  704/    1BD6 : 0011 0110           	dc.l	$00110110
(1)  705/    1BDA : 0000 0000           	dc.l	$00000000
(1)  706/    1BDE : 0000 0000           	dc.l	$00000000	;	Tile (col 8, row 5)
(1)  707/    1BE2 : 0000 0000           	dc.l	$00000000
(1)  708/    1BE6 : 0110 0110           	dc.l	$01100110
(1)  709/    1BEA : 0011 1100           	dc.l	$00111100
(1)  710/    1BEE : 0001 1000           	dc.l	$00011000
(1)  711/    1BF2 : 0011 1100           	dc.l	$00111100
(1)  712/    1BF6 : 0110 0110           	dc.l	$01100110
(1)  713/    1BFA : 0000 0000           	dc.l	$00000000
(1)  714/    1BFE : 0000 0000           	dc.l	$00000000	;	Tile (col 9, row 5)
(1)  715/    1C02 : 0000 0000           	dc.l	$00000000
(1)  716/    1C06 : 0110 0110           	dc.l	$01100110
(1)  717/    1C0A : 0110 0110           	dc.l	$01100110
(1)  718/    1C0E : 0110 0110           	dc.l	$01100110
(1)  719/    1C12 : 0011 1110           	dc.l	$00111110
(1)  720/    1C16 : 0000 1100           	dc.l	$00001100
(1)  721/    1C1A : 0111 1000           	dc.l	$01111000
(1)  722/    1C1E : 0000 0000           	dc.l	$00000000	;	Tile (col 00, row 5)
(1)  723/    1C22 : 0000 0000           	dc.l	$00000000
(1)  724/    1C26 : 0111 1110           	dc.l	$01111110
(1)  725/    1C2A : 0000 1100           	dc.l	$00001100
(1)  726/    1C2E : 0001 1000           	dc.l	$00011000
(1)  727/    1C32 : 0011 0000           	dc.l	$00110000
(1)  728/    1C36 : 0111 1110           	dc.l	$01111110
(1)  729/    1C3A : 0000 0000           	dc.l	$00000000
(1)  730/    1C3E : 0000 0000           	dc.l	$00000000	;	Tile (col 00, row 5)
(1)  731/    1C42 : 0001 1000           	dc.l	$00011000
(1)  732/    1C46 : 0011 1100           	dc.l	$00111100
(1)  733/    1C4A : 0111 1110           	dc.l	$01111110
(1)  734/    1C4E : 0111 1110           	dc.l	$01111110
(1)  735/    1C52 : 0001 1000           	dc.l	$00011000
(1)  736/    1C56 : 0011 1100           	dc.l	$00111100
(1)  737/    1C5A : 0000 0000           	dc.l	$00000000
(1)  738/    1C5E : 0001 1000           	dc.l	$00011000	;	Tile (col 01, row 5)
(1)  739/    1C62 : 0001 1000           	dc.l	$00011000
(1)  740/    1C66 : 0001 1000           	dc.l	$00011000
(1)  741/    1C6A : 0001 1000           	dc.l	$00011000
(1)  742/    1C6E : 0001 1000           	dc.l	$00011000
(1)  743/    1C72 : 0001 1000           	dc.l	$00011000
(1)  744/    1C76 : 0001 1000           	dc.l	$00011000
(1)  745/    1C7A : 0001 1000           	dc.l	$00011000
(1)  746/    1C7E : 0000 0000           	dc.l	$00000000	;	Tile (col 01, row 5)
(1)  747/    1C82 : 0111 1110           	dc.l	$01111110
(1)  748/    1C86 : 0111 1000           	dc.l	$01111000
(1)  749/    1C8A : 0111 1100           	dc.l	$01111100
(1)  750/    1C8E : 0110 1110           	dc.l	$01101110
(1)  751/    1C92 : 0110 0110           	dc.l	$01100110
(1)  752/    1C96 : 0000 0110           	dc.l	$00000110
(1)  753/    1C9A : 0000 0000           	dc.l	$00000000
(1)  754/    1C9E : 0000 1000           	dc.l	$00001000	;	Tile (col 04, row 5)
(1)  755/    1CA2 : 0001 1000           	dc.l	$00011000
(1)  756/    1CA6 : 0011 1000           	dc.l	$00111000
(1)  757/    1CAA : 0111 1000           	dc.l	$01111000
(1)  758/    1CAE : 0011 1000           	dc.l	$00111000
(1)  759/    1CB2 : 0001 1000           	dc.l	$00011000
(1)  760/    1CB6 : 0000 1000           	dc.l	$00001000
(1)  761/    1CBA : 0000 0000           	dc.l	$00000000
(1)  762/    1CBE : 0001 0000           	dc.l	$00010000	;	Tile (col 05, row 5)
(1)  763/    1CC2 : 0001 1000           	dc.l	$00011000
(1)  764/    1CC6 : 0001 1100           	dc.l	$00011100
(1)  765/    1CCA : 0001 1110           	dc.l	$00011110
(1)  766/    1CCE : 0001 1100           	dc.l	$00011100
(1)  767/    1CD2 : 0001 1000           	dc.l	$00011000
(1)  768/    1CD6 : 0001 0000           	dc.l	$00010000
(1)  769/    1CDA : 0000 0000           	dc.l	$00000000
(1)  770/    1CDE :                     
     946/    1CDE : =$C00               .SIZE:	equ 96*32
     947/    1CDE :                     
     948/    1CDE :                     	include "Driver.z80"
(1)    1/    1CDE :                     ; For more additional details and explanations, check the Wiki: https://github.com/Franklin0770/Z80-Driver/wiki
(1)    2/    1CDE :                     
(1)    3/1CDE :                         	cpu Z80
(1)    4/1CDE :                         Z80ROM_Start
(1)    5/1CDE :                         
(1)    6/   0 :                             phase 0	; Set label addresses to the start of Z80 RAM
(1)    7/   0 :                         
(1)    8/   0 : F3                      	di
(1)    9/   1 :                         
(1)   10/   1 : 01 00 40                	ld	bc,YM2612.CTRL0	; YM2612 bank 1 port
(1)   11/   4 : 21 01 40                	ld	hl,YM2612.DATA0	; YM2612 data port
(1)   12/   7 :                         
(1)   18/   7 : 3E 2B                   	ld	a,DAC_ENABLE		; DAC enable address
(1)   19/   9 : 02                      	ld	(bc),a				; switch to DAC enable register
(1)   20/   A : 36 80                   	ld	(hl),80h			; enable DAC
(1)   21/   C : 3D                      	dec	a					; now a is 2Ah (DAC_IN)
(1)   22/   D : 02                      	ld	(bc),a				; switch to DAC data input
(1)   23/   E :                         	; Make the SP push the interrupt address to a specific address
(1)   24/   E : 31 09 05                	ld	sp,interrputPc+2
(1)   25/  11 :                         
(1)   26/  11 : ED 56                   	im	1
(1)   27/  13 : FB                      	ei
(1)   28/  14 :                         
(1)   29/  14 : 76                      	halt
(1)   30/  15 :                         
(1)   31/  15 :                         Init_EndSound:
(1)   32/  15 : 36 2A                   	ld	(hl),DAC_OUT
(1)   33/  17 : D9                      	exx
(1)   34/  18 :                         RemainingSamples:
(1)   35/  18 :                         	; The 68k writes the remaining samples here
(1)   36/  18 : 01 00 00                	ld	bc,0000h
(1)   37/  1B : D9                      	exx
(1)   38/  1C :                         $$loop_endSound:
(1)   39/  1C : 0A                      	ld	a,(bc)
(1)   40/  1D : 12                      	ld	(de),a
(1)   41/  1E :                         	rept 10
(1)   42/  1E :                         	nop
(1)   43/  1E :                         	endm
(1)   42/  1E : 00                      	nop
(1)   42/  1F : 00                      	nop
(1)   42/  20 : 00                      	nop
(1)   42/  21 : 00                      	nop
(1)   42/  22 : 00                      	nop
(1)   42/  23 : 00                      	nop
(1)   42/  24 : 00                      	nop
(1)   42/  25 : 00                      	nop
(1)   42/  26 : 00                      	nop
(1)   42/  27 : 00                      	nop
(1)   44/  28 : 03                      	inc	bc
(1)   45/  29 : 03                      	inc bc
(1)   46/  2A : FE 00                   	cp	0	; just for timing alignment
(1)   47/  2C : FE 00                   	cp	0
(1)   48/  2E : D9                      	exx
(1)   49/  2F : 0B                      	dec	bc
(1)   50/  30 : 78                      	ld	a,b
(1)   51/  31 : B1                      	or	c	; check if BC is 0
(1)   52/  32 : D9                      	exx
(1)   53/  33 : C2 1C 00                	jp	nz,$$loop_endSound
(1)   54/  36 :                         
(1)   55/  36 : F3                      	di
(1)   56/  37 : 76                      	halt
(1)   57/  38 :                         
(1)   58/  38 :                         	rorg 38h - $	; can't use ORG while dephasing
(1)   59/  38 :                         ; ----- Z80 interrupt, ready for handoff -----
(1)   60/  38 :                         Z80Init:
(1)   61/  38 :                         	; Set registers for DAC register set
(1)   62/  38 : 01 00 10                	ld	bc,SampleBuffer
(1)   63/  3B : 11 01 40                	ld	de,YM2612.DATA0
(1)   64/  3E : 21 00 40                	ld	hl,YM2612.CTRL0
(1)   65/  41 : 31 09 05                	ld	sp,interrputPc+2	; re-align stack pointer correctly
(1)   66/  44 : FB                      	ei
(1)   67/  45 :                         .routineAddress:
(1)   68/  45 : C3 45 00                	jp	$	; get ready for handoff
(1)   69/  48 :                         
(1)   70/  48 :                         ; At this point, we have register pairs that have different
(1)   71/  48 :                         ; purpose: the normal one is for DAC, the shadow one is
(1)   72/  48 :                         ; for FM commands.
(1)   73/  48 :                         ; BC: PCM buffer index, DE: YM2612 data, HL: YM2612 control
(1)   74/  48 :                         ; BC': loop counter, DE': YM2612 control, HL': YM buffer index
(1)   75/  48 :                         
(1)   76/  48 :                         Init_DacAndFm:
(1)   77/  48 : D9                      	exx
(1)   78/  49 :                         FmIterations:
(1)   79/  49 : 01 00 00                	ld	bc,0
(1)   80/  4C : 11 00 40                	ld	de,YM2612.CTRL0
(1)   81/  4F : 21 00 15                	ld	hl,CommandBuffer
(1)   82/  52 : D9                      	exx
(1)   83/  53 :                         $$loop_DacAndFm:
(1)   84/  53 : 0A                      	ld	a,(bc)
(1)   85/  54 : 36 2A                   	ld	(hl),DAC_OUT
(1)   86/  56 : 12                      	ld	(de),a
(1)   87/  57 : D9                      	exx		; switch register pair to "FM mode"
(1)   88/  58 : ED A0                   	ldi
(1)   89/  5A : 7E                      	ld	a,(hl)
(1)   90/  5B : 12                      	ld	(de),a
(1)   91/  5C : 1B                      	dec	de
(1)   92/  5D : 23                      	inc	hl
(1)   93/  5E : D9                      	exx		; switch register pair to "DAC mode"
(1)   94/  5F : 00                      	nop
(1)   95/  60 : 00                      	nop
(1)   96/  61 : 00                      	nop
(1)   97/  62 : 00                      	nop
(1)   98/  63 : 03                      	inc	bc	; advance DAC buffer pointer
(1)   99/  64 : 03                      	inc	bc
(1)  100/  65 : EA 53 00                	jp	pe,$$loop_DacAndFm	; checks if the P flag is 0
(1)  101/  68 :                         
(1)  102/  68 :                         Init_DacOnly:
(1)  103/  68 : 0A                      	ld	a,(bc)			; 7
(1)  104/  69 : 36 2A                   	ld	(hl),DAC_OUT	; 10
(1)  105/  6B : 12                      	ld	(de),a			; 7
(1)  106/  6C :                         
(1)  107/  6C : 03                      	inc	bc				; 6
(1)  108/  6D : 03                      	inc	bc				; 6
(1)  109/  6E :                         	; Make loop (basically placing $ next to JP)
(1)  110/  6E : 21 45 00                	ld	hl,Z80Init.routineAddress		; 10
(1)  111/  71 : 22 46 00                	ld	(Z80Init.routineAddress+1),hl	; 16
(1)  112/  74 :                         
(1)  113/  74 : 60                      	ld	h,b				; 4
(1)  114/  75 :                         
(1)  115/  75 : 06 01                   	ld	b,1
(1)  116/  77 : 10 FE                   	djnz $
(1)  117/  79 :                         
(1)  118/  79 : 44                      	ld	b,h
(1)  119/  7A : 69                      	ld	l,c				; 4
(1)  120/  7B : CB A4                   	res	4,h				; 8
(1)  121/  7D : CB 3C                   	srl	h				; 8
(1)  122/  7F : CB 1D                   	rr	l				; 8
(1)  123/  81 :                         
(1)  124/  81 :                         ; This is where most of the debugging values get written to
(1)  125/  81 :                         ; RAM, so then the 68k can move them into its own RAM
(1)  126/  81 :                         
(1)  127/  81 :                         $$loop_DacOnly:
(1)  128/  81 : 0A                      	ld	a,(bc)
(1)  129/  82 : 23                      	inc hl
(1)  130/  83 : 12                      	ld	(de),a
(1)  131/  84 : 22 01 05                	ld 	(playedSamples),hl
(1)  132/  87 : ED 43 05 05             	ld	(bufferIndex),bc
(1)  133/  8B : ED 5F                   	ld	a,r
(1)  134/  8D : 32 03 05                	ld	(refreshRegister),a
(1)  135/  90 : 03                      	inc	bc
(1)  136/  91 : 03                      	inc bc
(1)  137/  92 : 00                      	nop
(1)  138/  93 : 00                      	nop
(1)  139/  94 : 00                      	nop
(1)  140/  95 : C3 81 00                	jp	$$loop_DacOnly
(1)  141/  98 :                         
(1)  142/1D76 :                         	dephase	; the rest of the labels are mapped normally
(1)  143/1D76 :                         
(1)  144/1D76 :                         Z80ROM_End
(1)  145/1D76 :                         
(1)  146/1D76 :                         ;=================================================================================
(1)  147/1D76 :                         
(1)  288/1D76 :                         
(1)  289/    1D76 :                     	cpu 68000
     949/    1D76 :                     
     950/    1D76 :                     	padding off
     951/    1D76 : (MACRO)[66]         	odd
     951/    1D77 :                             rorg    (~*)&1  ; opposite of the "even" macro
     952/    1D77 :                     FmControl
     953/    1D77 : 1D                  	dc.b	29
     954/    1D78 :                     
     955/    1D78 : 50                  	dc.b	YMctrl_ARandRS(CH1_4,OP1)
     956/    1D79 : 60                  	dc.b	YMctrl_DRandAM(CH1_4,OP1)
     957/    1D7A : 80                  	dc.b	YMctrl_RRandSL(CH1_4,OP1)
     958/    1D7B : 70                  	dc.b	YMctrl_SR(CH1_4,OP1)
     959/    1D7C : 30                  	dc.b	YMctrl_MULandDT(CH1_4,OP1)
     960/    1D7D : 40                  	dc.b	YMctrl_TL(CH1_4,OP1)
     961/    1D7E :                     	
     962/    1D7E : 58                  	dc.b	YMctrl_ARandRS(CH1_4,OP2)
     963/    1D7F : 68                  	dc.b	YMctrl_DRandAM(CH1_4,OP2)
     964/    1D80 : 88                  	dc.b	YMctrl_RRandSL(CH1_4,OP2)
     965/    1D81 : 78                  	dc.b	YMctrl_SR(CH1_4,OP2)
     966/    1D82 : 38                  	dc.b	YMctrl_MULandDT(CH1_4,OP2)
     967/    1D83 : 48                  	dc.b	YMctrl_TL(CH1_4,OP2)
     968/    1D84 :                     
     969/    1D84 : 54                  	dc.b	YMctrl_ARandRS(CH1_4,OP3)
     970/    1D85 : 64                  	dc.b	YMctrl_DRandAM(CH1_4,OP3)
     971/    1D86 : 84                  	dc.b	YMctrl_RRandSL(CH1_4,OP3)
     972/    1D87 : 74                  	dc.b	YMctrl_SR(CH1_4,OP3)
     973/    1D88 : 34                  	dc.b	YMctrl_MULandDT(CH1_4,OP3)
     974/    1D89 : 44                  	dc.b	YMctrl_TL(CH1_4,OP3)
     975/    1D8A :                     
     976/    1D8A : 5C                  	dc.b	YMctrl_ARandRS(CH1_4,OP4)
     977/    1D8B : 6C                  	dc.b	YMctrl_DRandAM(CH1_4,OP4)
     978/    1D8C : 8C                  	dc.b	YMctrl_RRandSL(CH1_4,OP4)
     979/    1D8D : 7C                  	dc.b	YMctrl_SR(CH1_4,OP4)
     980/    1D8E : 3C                  	dc.b	YMctrl_MULandDT(CH1_4,OP4)
     981/    1D8F : 4C                  	dc.b	YMctrl_TL(CH1_4,OP4)
     982/    1D90 :                     
     983/    1D90 : B0                  	dc.b	YMctrl_ALandFB(CH1_4)
     984/    1D91 : 28                  	dc.b 	$28	; Key-On and Key-Off
     985/    1D92 : A4A0                	dc.w	YMctrl_FRandBL(CH1_4)
     986/    1D94 : 28                  	dc.b 	$28
     987/    1D95 :                     
     988/    1D95 :                     	align 2
     989/    1D96 :                     
     990/    1D96 :                     FmData
     991/    1D96 : 1F                  	dc.b	YMdata_ARandRS(31,0)
     992/    1D97 : 08                  	dc.b	YMdata_DRandAM(8,0)
     993/    1D98 : F3                  	dc.b	YMdata_RRandSL(3,15)
     994/    1D99 : 00                  	dc.b	YMdata_SR(0)
     995/    1D9A : 25                  	dc.b	YMdata_MULandDT(5,2)
     996/    1D9B : 2A                  	dc.b	YMdata_TL(42)
     997/    1D9C :                     
     998/    1D9C : 1F                  	dc.b	YMdata_ARandRS(31,0)
     999/    1D9D : 0A                  	dc.b	YMdata_DRandAM(10,0)
    1000/    1D9E : F4                  	dc.b	YMdata_RRandSL(4,15)
    1001/    1D9F : 00                  	dc.b	YMdata_SR(0)
    1002/    1DA0 : 71                  	dc.b	YMdata_MULandDT(1,7)
    1003/    1DA1 : 12                  	dc.b	YMdata_TL(18)
    1004/    1DA2 :                     
    1005/    1DA2 : 1F                  	dc.b	YMdata_ARandRS(31,0)
    1006/    1DA3 : 04                  	dc.b	YMdata_DRandAM(4,0)
    1007/    1DA4 : B1                  	dc.b	YMdata_RRandSL(1,11)
    1008/    1DA5 : 00                  	dc.b	YMdata_SR(0)
    1009/    1DA6 : 21                  	dc.b	YMdata_MULandDT(1,2)
    1010/    1DA7 : 30                  	dc.b	YMdata_TL(48)
    1011/    1DA8 :                     
    1012/    1DA8 : 1F                  	dc.b	YMdata_ARandRS(31,0)
    1013/    1DA9 : 09                  	dc.b	YMdata_DRandAM(9,0)
    1014/    1DAA : F9                  	dc.b	YMdata_RRandSL(9,15)
    1015/    1DAB : 00                  	dc.b	YMdata_SR(0)
    1016/    1DAC : 71                  	dc.b	YMdata_MULandDT(1,7)
    1017/    1DAD : 00                  	dc.b	YMdata_TL(0)
    1018/    1DAE :                     
    1019/    1DAE : 20                  	dc.b	YMdata_ALGandFB(0,4)
    1020/    1DAF : 00                  	dc.b	0
    1021/    1DB0 : 2284                	dc.w	YMdata_FRandBL(644,4)
    1022/    1DB2 : F0                  	dc.b	%11110000
    1023/    1DB3 :                     
    1024/    1DB3 :                     	align 2
    1025/    1DB4 :                     Music
    1027/    1DB4 :                     	;binclude "continuity_test.bin" ; test with increasing bytes to make sure no samples get skipped
    1028/    1DB4 :                     
    1029/    1DB4 :                     	;binclude "24. Time Rift Shift ~ Vs. Metal Sonic.raw" ; great music right here
    1030/    1DB4 :                     	;binclude "Don't Stand So Close To Me.raw" ; another banger
    1031/    1DB4 :                     	;binclude "Spirits In The Material World.raw" ; this is a good one
    1032/    1DB4 :                     	;binclude "Every Little Thing She Does Is Magic.raw" ; another nice one
    1033/    1DB4 :                     	;binclude "Ki.raw" ; minceraft
    1034/    1DB4 :                     	;binclude "Haunt Muskie.raw" ; Hype, my friends
    1035/    1DB4 :                     	;binclude "Droopy likes your face.raw" ; underrated
    1036/    1DB4 :                     	;binclude "Chris.raw" ; Chris
    1037/    1DB4 :                     	;binclude "Magnetic Circuit.raw" ; Notch what are you doing
    1038/    1DB4 :                     	;binclude "Lava Chicken.raw" ; Minecraft?
    1039/    1DB4 :                     	;binclude "Bad (2012 Remaster).raw" ; bad in a good way
    1040/    1DB4 :                     	;binclude "Smooth Criminal.raw" ; Annie are you okay
    1041/    1DB4 :                     	binclude "Billie Jean.raw" ; Billie Jean
    1042/  3F076F :                     	;binclude "P.Y.T. (Pretty Young Thing).raw"
    1043/  3F076F :                     	;binclude "Last Surprise.raw" ; a good discovery
    1044/  3F076F :                     	;binclude "music.pcm" ; let's not talk about this
    1045/  3F076F :                     	;binclude "My Summary.raw"
    1049/  3F076F :                     .end
    1050/  3F076F :                     ; Fill value in Mega Driven Environment is set to 80, 
    1051/  3F076F :                     ; so it'll fill the rest of the ROM with this byte,
    1052/  3F076F :                     ; which is silence, smoothing out stopping imprecision.
    1053/  3FFFFF :                     	org	$3FFFFF
    1054/  3FFFFF : 80                  	dc.b $80
    1055/  400000 :                     ROM_End
 AS V1.42 Beta [Bld 305] - Source File Sonic.68k - Page 2 - 6/4/2026 21:20:53


  Symbol Table (* = unused):
  --------------------------

*ARCHITECTURE :                                        "i386-unknown-win32" - |
 AddressError :                 214 C |  BUFFER_ITERATIONS :              7 - |
 BusError :                     200 C | *CASESENSITIVE :                  1 - |
 CH1_4 :                          0 - | *CH1_4_ALG_FB :                  B0 - |
*CH1_4_FREQ_H :                  A4 - | *CH1_4_FREQ_L :                  A0 - |
*CH1_4_OP1_AR_RS :               50 - | *CH1_4_OP1_DR_AM :               60 - |
*CH1_4_OP1_MUL_DT :              30 - | *CH1_4_OP1_RR_SL :               80 - |
*CH1_4_OP1_SR :                  70 - | *CH1_4_OP1_SSG_EG :              90 - |
*CH1_4_OP1_TL :                  40 - | *CH1_4_OP2_AR_RS :               58 - |
*CH1_4_OP2_DR_AM :               68 - | *CH1_4_OP2_MUL_DT :              38 - |
*CH1_4_OP2_RR_SL :               88 - | *CH1_4_OP2_SR :                  78 - |
*CH1_4_OP2_SSG_EG :              98 - | *CH1_4_OP2_TL :                  48 - |
*CH1_4_OP3_AR_RS :               54 - | *CH1_4_OP3_DR_AM :               64 - |
*CH1_4_OP3_MUL_DT :              34 - | *CH1_4_OP3_RR_SL :               84 - |
*CH1_4_OP3_SR :                  74 - | *CH1_4_OP3_SSG_EG :              94 - |
*CH1_4_OP3_TL :                  44 - | *CH1_4_OP4_AR_RS :               5C - |
*CH1_4_OP4_DR_AM :               6C - | *CH1_4_OP4_MUL_DT :              3C - |
*CH1_4_OP4_RR_SL :               8C - | *CH1_4_OP4_SR :                  7C - |
*CH1_4_OP4_SSG_EG :              9C - | *CH1_4_OP4_TL :                  4C - |
*CH1_4_PAN_PMS_AMS :             B4 - | *CH2_5 :                          1 - |
*CH2_5_ALG_FB :                  B1 - | *CH2_5_FREQ_H :                  A5 - |
*CH2_5_FREQ_L :                  A1 - | *CH2_5_OP1_AR_RS :               51 - |
*CH2_5_OP1_DR_AM :               61 - | *CH2_5_OP1_MUL_DT :              31 - |
*CH2_5_OP1_RR_SL :               81 - | *CH2_5_OP1_SR :                  71 - |
*CH2_5_OP1_SSG_EG :              91 - | *CH2_5_OP1_TL :                  41 - |
*CH2_5_OP2_AR_RS :               59 - | *CH2_5_OP2_DR_AM :               69 - |
*CH2_5_OP2_MUL_DT :              39 - | *CH2_5_OP2_RR_SL :               89 - |
*CH2_5_OP2_SR :                  79 - | *CH2_5_OP2_SSG_EG :              99 - |
*CH2_5_OP2_TL :                  49 - | *CH2_5_OP3_AR_RS :               55 - |
*CH2_5_OP3_DR_AM :               65 - | *CH2_5_OP3_MUL_DT :              35 - |
*CH2_5_OP3_RR_SL :               85 - | *CH2_5_OP3_SR :                  75 - |
*CH2_5_OP3_SSG_EG :              95 - | *CH2_5_OP3_TL :                  45 - |
*CH2_5_OP4_AR_RS :               5D - | *CH2_5_OP4_DR_AM :               6D - |
*CH2_5_OP4_MUL_DT :              3D - | *CH2_5_OP4_RR_SL :               8D - |
*CH2_5_OP4_SR :                  7D - | *CH2_5_OP4_SSG_EG :              9D - |
*CH2_5_OP4_TL :                  4D - | *CH2_5_PAN_PMS_AMS :             B5 - |
*CH3_6 :                          2 - | *CH3_6_ALG_FB :                  B2 - |
*CH3_6_FREQ_H :                  A6 - | *CH3_6_FREQ_L :                  A2 - |
*CH3_6_OP1_AR_RS :               52 - | *CH3_6_OP1_DR_AM :               62 - |
*CH3_6_OP1_MUL_DT :              32 - | *CH3_6_OP1_RR_SL :               82 - |
*CH3_6_OP1_SR :                  72 - | *CH3_6_OP1_SSG_EG :              92 - |
*CH3_6_OP1_TL :                  42 - | *CH3_6_OP2_AR_RS :               5A - |
*CH3_6_OP2_DR_AM :               6A - | *CH3_6_OP2_MUL_DT :              3A - |
*CH3_6_OP2_RR_SL :               8A - | *CH3_6_OP2_SR :                  7A - |
*CH3_6_OP2_SSG_EG :              9A - | *CH3_6_OP2_TL :                  4A - |
*CH3_6_OP3_AR_RS :               56 - | *CH3_6_OP3_DR_AM :               66 - |
*CH3_6_OP3_MUL_DT :              36 - | *CH3_6_OP3_RR_SL :               86 - |
*CH3_6_OP3_SR :                  76 - | *CH3_6_OP3_SSG_EG :              96 - |
*CH3_6_OP3_TL :                  46 - | *CH3_6_OP4_AR_RS :               5E - |
*CH3_6_OP4_DR_AM :               6E - | *CH3_6_OP4_MUL_DT :              3E - |
*CH3_6_OP4_RR_SL :               8E - | *CH3_6_OP4_SR :                  7E - |
*CH3_6_OP4_SSG_EG :              9E - | *CH3_6_OP4_TL :                  4E - |
*CH3_6_PAN_PMS_AMS :             B6 - | *CH3_OP1_FREQ_H :                AD - |
*CH3_OP1_FREQ_L :                A9 - | *CH3_OP2_FREQ_H :                AE - |
*CH3_OP2_FREQ_L :                AA - | *CH3_OP3_FREQ_H :                AC - |
*CH3_OP3_FREQ_L :                A8 - | *CH3_OP4_FREQ_H :                A6 - |
*CH3_OP4_FREQ_L :                A2 - | *CH3_TIMERCTRL :                 27 - |
 CHKException :                 250 C | *CONSTPI :        3.141592653589793 - |
 CPU_Wait :                     4A6 C |  Code0 :                        F86 C |
 Code1 :                        F92 C |  Code10 :                      1042 C |
 Code11 :                      1056 C |  Code12 :                      1068 C |
 Code13 :                      1078 C |  Code2 :                        FA2 C |
 Code3 :                        FC0 C |  Code4 :                        FDA C |
 Code5 :                        FEC C |  Code6 :                        FFE C |
 Code7 :                       1014 C |  Code8 :                       1026 C |
 Code9 :                       1034 C |  CommandBuffer :               1500 C |
*DAC_BOOST :                     2C - |  DAC_ENABLE :                    2B - |
 DAC_OUT :                       2A - | *DATE :                  "6/4/2026" - |
 DisableCpu :                   C5E C |  DivisionByZero :               23C C |
*EXP :                            0 C | *EXP.CTRL :                  A1000D - |
*EXP.DATA :                  A10006 - | *EXP.SER_CTRL :              A1001E - |
*EXP.SER_REC :               A1001C - | *EXP.SER_TRAN :              A1001A - |
 EntryPoint :                   96C C |  FALSE :                          0 - |
*FLOATMAX :      1.797693134866E308 - | *FULLPMMU :                       1 - |
 FmControl :                   1D77 C |  FmData :                      1D96 C |
 FmIterations :                  49 C | *HAS64 :                          1 - |
*HASFPU :                         0 - | *HASPMMU :                        0 - |
*HFLIP :                        800 - | *HIPRI :                       8000 - |
*HVFLIP :                      1800 - |  HaltMessage :                  E60 C |
 Halt_CPU :                     4B0 C | *INSUPMODE :                      1 - |
*INTWIDTH :                      40 - |  IllegalInstruction :           228 C |
 Init_DacAndFm :                 48 C |  Init_DacOnly :                  68 C |
 Init_EndSound :                 15 C |  IsOutOfBound :                 C0C C |
*JOY :                            0 C |  JOY.A :                          4 - |
 JOY.B :                          8 - |  JOY.C :                          9 - |
 JOY.D :                          1 - |  JOY.L :                          6 - |
*JOY.PLUGGED1 :                   2 - | *JOY.PLUGGED2 :                   3 - |
 JOY.R :                          7 - |  JOY.START :                      5 - |
 JOY.U :                          0 - | *JOY1 :                           0 C |
 JOY1.CTRL :                 A10009 - |  JOY1.DATA :                 A10003 - |
*JOY1.SER_CTRL :             A10012 - | *JOY1.SER_REC :              A10010 - |
*JOY1.SER_TRAN :             A1000E - | *JOY2 :                           0 C |
*JOY2.CTRL :                 A10005 - | *JOY2.DATA :                 A1000B - |
*JOY2.SER_CTRL :             A10018 - | *JOY2.SER_REC :              A10016 - |
*JOY2.SER_TRAN :             A10014 - |  JumpBackward :                 C00 C |
 JumpForward :                  BF2 C | *KEY_ON_OFF :                    28 - |
*LFO_ENABLE :                    22 - | *LISTON :                         3 - |
*LOPRI :                          0 - |  LineAEmulator :                29E C |
 LineFEmulator :                2B0 C | *M68K :                           0 C |
*M68K.PSG :                  C00011 - |  M68K.STACK :                FF0000 - |
 M68K.WRAM :                 FF0000 - | *MACEXP :                         7 - |
*MOMCPU :                     68000 - |  MOMCPUNAME :               "68000" - |
 ManualCrash :                  2F8 C |  Message5 :                    10CE C |
 Messages :                     EE4 C |  Music :                       1DB4 C |
 Music.end :                 3F076F C | *NESTMAX :                      100 - |
*NOFLIP :                         0 - | *OFF :                            0 - |
 OP1 :                            0 - |  OP2 :                            8 - |
 OP3 :                            4 - |  OP4 :                            C - |
*PADDING :                        0 - | *PAL0 :                           0 - |
*PAL1 :                        2000 - | *PAL2 :                        4000 - |
*PAL3 :                        6000 - |  PAT_BodyFont :                10DE C |
 PAT_BodyFont.SIZE :            C00 - | *PSG_PERIODIC_CH2 :              E3 - |
*PSG_PERIODIC_HIGH :             E0 - | *PSG_PERIODIC_LOW :              E2 - |
*PSG_PERIODIC_MID :              E1 - | *PSG_WHITE_CH2 :                 E7 - |
*PSG_WHITE_HIGH :                E4 - | *PSG_WHITE_LOW :                 E6 - |
*PSG_WHITE_MID :                 E5 - | *PURECODE :                       3 - |
 PauseMessage :                 E4A C |  PauseOrResume :                C2A C |
 PlayNote :                     BBE C |  PrintByte :                    B54 C |
 PrintLong :                    B8C C |  PrintWord :                    B70 C |
 PrivilegeViolation :           278 C | *REG :                            0 C |
*REG.32X :                   A130EC - | *REG.MEMORYMODE :            A11000 - |
*REG.SRAM :                  A130F1 - | *REG.TIME :                  A13000 - |
 REG.TMSS :                  A14000 - | *REG.TMSS_CART :             A14101 - |
 REG.VERSION :               A10001 - |  REG_DUMP :                  FF0000 - |
 REG_PREFIXES :              FF0042 - | *RELAXED :                        0 - |
 ROM_End :                   400000 C |  ROM_Start :                   1500 C |
 ReadJoypad :                   AC2 C |  RemainingSamples :              18 C |
 RestartSample :                BC8 C | *SIZE :                           0 C |
*SIZE.CRAM :                     80 - | *SIZE.VRAM :                   FFFF - |
*SIZE.VSRAM :                    50 - | *SIZE.WRAM :                   FFFF - |
*SIZE.Z80WRAM :                2000 - |  SampleBuffer :                1000 C |
 SkipBackward :                 BE4 C |  SkipForward :                  BD6 C |
 SkipTracking :                 906 C |  SpuriousException :            2C2 C |
 StaticText :                   C86 C | *TIME :                  "21:20:53" - |
*TIMER_A_H :                     24 - | *TIMER_A_L :                     25 - |
*TIMER_B :                       26 - |  TRACEException :               28C C |
 TRAPException :                2D4 C |  TRAPVException :               264 C |
 TRUE :                           1 - |  TextCodes :                   1092 C |
 UnknownError :                 2E6 C | *UpdateDebugger :               B32 C |
 UpdateDebugger.base :          B50 C |  UpdateDebugger.init :          B32 C |
 UpdateDebugger.loop :          B46 C |  UpdateRoutine :                92C C |
*VDP :                            0 C |  VDP.CTRL :                  C00004 - |
 VDP.DATA :                  C00000 - | *VDP.DEBUG :                 C0001C - |
*VDP.HVCOUNTER :             C00008 - |  VDP_BSOD :                     30C C |
*VDP_CMD :                        0 C |  VDP_CMD.CRAM :            C0000000 - |
*VDP_CMD.RAM_DMA :         C0000080 - | *VDP_CMD.VDP_VRAM.DMA :    40000080 - |
 VDP_CMD.VRAM :            40000000 - | *VDP_CMD.VSRAM :           40000010 - |
*VDP_CMD.VSRAM_DMA :       40000090 - |  VDP_HBlank :                   96A C |
 VDP_PrintText :                49A C | *VDP_REG :                        0 C |
 VDP_REG.BGCOL :               8700 - |  VDP_REG.DMALEN_H :            9400 - |
*VDP_REG.DMALEN_L :            9300 - |  VDP_REG.DMASRC_H :            9700 - |
*VDP_REG.DMASRC_L :            9500 - |  VDP_REG.DMASRC_M :            9600 - |
 VDP_REG.HRATE :               8A00 - |  VDP_REG.HSCROLL :             8D00 - |
 VDP_REG.INCR :                8F00 - |  VDP_REG.MODE1 :               8000 - |
 VDP_REG.MODE2 :               8100 - |  VDP_REG.MODE3 :               8B00 - |
 VDP_REG.MODE4 :               8C00 - |  VDP_REG.PLANEA :              8200 - |
 VDP_REG.PLANEB :              8400 - |  VDP_REG.SIZE :                9000 - |
 VDP_REG.SPRITE :              8500 - |  VDP_REG.WINDOW :              8300 - |
 VDP_REG.WINX :                9100 - |  VDP_REG.WINY :                9200 - |
 VDP_VBlank :                   4B4 C | *VDP_VRAM :                       0 C |
 VDP_VRAM.HSCROLL :            FFFF - |  VDP_VRAM.PLANEA :             E000 - |
 VDP_VRAM.PLANEB :             C000 - |  VDP_VRAM.SPRITE :             F000 - |
 VDP_VRAM.WINDOW :             FFFF - | *VERSION :                     142F - |
*VFLIP :                       1000 - |  ValueInformation :             E9E C |
*WARNRELATIVE :                   0 - |  WaitInterrupt :                BA6 C |
*YM2612 :                         0 C |  YM2612.CTRL0 :                4000 - |
*YM2612.CTRL1 :                4002 - |  YM2612.DATA0 :                4001 - |
*YM2612.DATA1 :                4003 - | *YM2612_68K :                     0 C |
*YM2612_68K.CTRL0 :          A04000 - | *YM2612_68K.CTRL1 :          A04002 - |
 YM2612_68K.DATA0 :          A04001 - | *YM2612_68K.DATA1 :          A04003 - |
*Z80 :                            0 C | *Z80.PSG :                     7F11 - |
*Z80.STACK :                   2000 - | *Z80Init :                       38 C |
 Z80Init.routineAddress :        45 C |  Z80ROM_End :                  1D76 C |
 Z80ROM_Start :                1CDE C | *Z80_BANK :                       0 C |
*Z80_BANK.CTRL :               6000 - | *Z80_BANK.WINDOW :             8000 - |
*Z80_CTRL :                       0 C |  Z80_CTRL.BUSREQ :           A11100 - |
 Z80_CTRL.RESET :            A11200 - |  Z80_CTRL.WRAM :             A00000 - |
 accurateSpeed :                  1 - |  bsodCpuLag :                     0 - |
 bufferIndex :                  505 C |  clear_screen291 :              33C C |
 clear_text329 :                C48 C |  controllerStatus :          FF0014 C |
 copy_program312 :              AAE C |  debugSoundRAM :                  0 - |
 frameCount :                FF0006 C |  gensFix :                        0 - |
 hardwareEarrape :                0 - |  i :                            438 - |
 interrputPc :                  507 C |  lastSample :                FF000A C |
 length :                         D - |  load_fm_ctrl304 :              89E C |
 load_fm_data304 :              8B4 C |  load_font291 :                 35C C |
 load_letters291 :              37E C |  load_numbers291 :              370 C |
 load_remainder304 :            8C4 C |  loop_DacAndFm388 :              53 C |
 loop_DacOnly389 :               81 C |  loop_endSound384 :              1C C |
 next_text312 :                 A42 C |  next_text330 :                 C70 C |
 noMoreFm :                  FF000C C |  playedSamples :                501 C |
 print_byte318 :                B58 C |  print_long320 :                B90 C |
 print_prefix291 :              416 C |  print_registers291 :           412 C |
 print_sp291 :                  468 C |  print_sr291 :                  47E C |
 print_text312 :                A48 C |  print_text329 :                C52 C |
 print_text330 :                C76 C |  print_value291 :               424 C |
 print_word319 :                B74 C |  pureAudio :                      0 - |
 randomByte :                FF000E C |  refreshRegister :              503 C |
 sampleIndex :               FF0000 C |  setup_message291 :             38A C |
 shouldPause :               FF000D C |  shouldStop :                FF000B C |
 skip_alignment295 :            512 C |  skip_pause295 :                4CC C |
 skip_remainder304 :            8CC C |  skip_sound305 :                91E C |
 skip_tmss308 :                 982 C |  skip_tmss308.c :                 0 - |
 smoothPlayback :                 1 - |  update_display292 :            49C C |
 z80BufferIndex :            FF0010 C |  z80InterruptPc :            FF0012 C |
 z80Samples :                FF0004 C |

    410 symbols
    214 unused symbols

 AS V1.42 Beta [Bld 305] - Source File Sonic.68k - Page 3 - 6/4/2026 21:20:53


  Defined Macros:
  ---------------

addaq                                 | assertZ80Reset                       
deassertZ80Reset                      | dfntxt                               
dma68kToVDP                           | dmaFillVRAM                          
loadSamples                           | loopTest                             
odd                                   | setRAMAddress                        
startZ80                              | stopZ80                              
subaq                                 | vdpSetColorAddress                   
vdpSetColorSpace                      | vdpSetVerticalScrollAddress          
vdpSetVideoAddress                    | vdpSetVideoSpace                     
waitZ80                               |

     19 macros

 AS V1.42 Beta [Bld 305] - Source File Sonic.68k - Page 4 - 6/4/2026 21:20:53


  Defined Functions:
  ------------------

chars                                 | SNdata_pitch                         
SNdata_volume                         | YMdata_FRandBL                       
YMdata_TL                             | YMdata_MULandDT                      
YMdata_SR                             | YMdata_RRandSL                       
YMdata_DRandAM                        | YMdata_ARandRS                       
YMdata_ALGandFB                       | YMctrl_FRandBL                       
YMctrl_TL                             | YMctrl_MULandDT                      
YMctrl_SR                             | YMctrl_RRandSL                       
YMctrl_DRandAM                        | YMctrl_ARandRS                       
YMctrl_ALandFB                        | dmaCommandSrcHigh                    
dmaCommandSrcLow                      | dmaCommandLength                     
dmaLength                             | dmaSource                            
dmaCommand                            | vdpCommand                           
vdpCoordinates                        | notaddressregister                   
notdataregister                       |

 AS V1.42 Beta [Bld 305] - Source File Sonic.68k - Page 5 - 6/4/2026 21:20:53


  Code Pages:
  ----------

STANDARD (255 changed characters)

1 code page

0.06 seconds assembly time

   3549 lines source file
   4719 lines incl. macro expansions
      2 passes
      0 errors
      0 warnings
